date,price
2003-01-10,50.7115
2003-01-13,50.5165
2003-01-14,50.556
2003-01-15,50.558
2003-01-16,50.8685
2003-01-17,51.1225
2003-01-20,51.1905
2003-01-21,51.399
2003-01-22,51.3775
2003-01-23,51.4935
2003-01-24,51.8165
2003-01-27,52.0545
2003-01-28,51.8095
2003-01-29,51.9565
2003-01-30,51.736
2003-01-31,51.4755
2003-02-03,51.5015
2003-02-04,51.9685
2003-02-05,51.3905
2003-02-06,51.569
2003-02-07,51.596
2003-02-10,51.0815
2003-02-11,51.074
2003-02-12,51.0925
2003-02-13,51.7605
2003-02-14,51.617
2003-02-17,51.2095
2003-02-18,50.938
2003-02-19,51.1975
2003-02-20,51.514
2003-02-21,51.256
2003-02-24,51.471
2003-02-25,51.2425
2003-02-26,51.472
2003-02-27,51.183
2003-02-28,51.412
2003-03-03,51.902
2003-03-04,51.896
2003-03-05,52.222
2003-03-06,52.2
2003-03-07,52.451
2003-03-10,52.684
2003-03-11,52.563
2003-03-12,52.396
2003-03-13,51.3855
2003-03-14,51.1425
2003-03-17,50.6165
2003-03-18,50.6495
2003-03-19,50.3065
2003-03-20,50.6715
2003-03-21,50.1405
2003-03-24,50.7095
2003-03-25,50.7
2003-03-26,50.8165
2003-03-27,50.7895
2003-03-28,51.205
2003-03-31,51.8795
2003-04-01,51.8095
2003-04-02,50.982
2003-04-03,50.9645
2003-04-04,50.847
2003-04-07,50.679
2003-04-08,50.7725
2003-04-09,51.069
2003-04-10,51.079
2003-04-11,50.868
2003-04-14,51.069
2003-04-15,51.0805
2003-04-16,51.6465
2003-04-17,51.421
2003-04-18,51.4235
2003-04-21,51.4575
2003-04-22,51.887
2003-04-23,51.9175
2003-04-24,52.179
2003-04-25,52.213
2003-04-28,51.959
2003-04-29,52.4115
2003-04-30,52.93
2003-05-01,53.132
2003-05-02,53.13
2003-05-05,53.3545
2003-05-06,54.0355
2003-05-07,53.6415
2003-05-08,54.2415
2003-05-09,54.1615
2003-05-12,54.506
2003-05-13,54.2665
2003-05-14,54.0995
2003-05-15,53.601
2003-05-16,54.5635
2003-05-19,54.7135
2003-05-20,54.9295
2003-05-21,54.524
2003-05-22,54.8125
2003-05-23,55.423
2003-05-26,55.68
2003-05-27,55.292
2003-05-28,55.1905
2003-05-29,55.93
2003-05-30,55.4275
2003-06-02,55.413
2003-06-03,55.004
2003-06-04,54.4895
2003-06-05,55.4135
2003-06-06,54.791
2003-06-09,54.85
2003-06-10,54.555
2003-06-11,54.837
2003-06-12,54.867
2003-06-13,55.339
2003-06-16,55.1235
2003-06-17,54.8495
2003-06-18,54.398
2003-06-19,54.605
2003-06-20,53.9635
2003-06-23,53.8885
2003-06-24,53.5515
2003-06-25,53.663
2003-06-26,53.1535
2003-06-27,53.121
2003-06-30,53.42
2003-07-01,53.6545
2003-07-02,53.4925
2003-07-03,53.3
2003-07-04,53.2125
2003-07-07,52.3815
2003-07-08,52.3595
2003-07-09,52.4835
2003-07-10,52.5785
2003-07-11,51.9815
2003-07-14,52.002
2003-07-15,51.4965
2003-07-16,51.7915
2003-07-17,51.7585
2003-07-18,52.0675
2003-07-21,52.4185
2003-07-22,52.229
2003-07-23,52.978
2003-07-24,52.879
2003-07-25,53.0875
2003-07-28,52.9835
2003-07-29,52.6855
2003-07-30,52.3845
2003-07-31,51.848
2003-08-01,52.046
2003-08-04,52.402
2003-08-05,52.53
2003-08-06,52.2105
2003-08-07,52.2705
2003-08-08,52.0055
2003-08-11,52.228
2003-08-12,51.7585
2003-08-13,51.944
2003-08-14,51.7675
2003-08-15,51.6955
2003-08-18,51.116
2003-08-19,51.072
2003-08-20,50.9715
2003-08-21,50.099
2003-08-22,49.89
2003-08-25,49.823
2003-08-26,49.7775
2003-08-27,49.783
2003-08-28,49.9185
2003-08-29,50.3545
2003-09-01,50.264
2003-09-02,49.5895
2003-09-03,49.7735
2003-09-04,50.28
2003-09-05,50.9225
2003-09-08,50.7465
2003-09-09,51.4175
2003-09-10,51.2365
2003-09-11,51.2025
2003-09-12,51.6565
2003-09-15,51.646
2003-09-16,51.258
2003-09-17,51.81
2003-09-18,51.6825
2003-09-19,52.2275
2003-09-22,52.464
2003-09-23,52.4615
2003-09-24,52.591
2003-09-25,52.691
2003-09-26,52.459
2003-09-29,53.0915
2003-09-30,53.228
2003-10-01,53.3785
2003-10-02,53.203
2003-10-03,52.482
2003-10-06,53.1825
2003-10-07,53.29
2003-10-08,53.5225
2003-10-09,53.1085
2003-10-10,53.5435
2003-10-13,53.1635
2003-10-14,53.5575
2003-10-15,53.093
2003-10-16,52.5275
2003-10-17,52.9345
2003-10-20,52.709
2003-10-21,52.8835
2003-10-22,53.4825
2003-10-23,53.5355
2003-10-24,53.424
2003-10-27,53.3345
2003-10-28,52.845
2003-10-29,52.8405
2003-10-30,52.668
2003-10-31,52.499
2003-11-03,51.943
2003-11-04,52.1355
2003-11-05,51.7615
2003-11-06,51.6435
2003-11-07,52.2535
2003-11-10,51.923
2003-11-11,52.0895
2003-11-12,52.7205
2003-11-13,53.2575
2003-11-14,53.4345
2003-11-17,53.448
2003-11-18,54.4755
2003-11-19,54.2355
2003-11-20,54.486
2003-11-21,54.463
2003-11-24,53.947
2003-11-25,54.0905
2003-11-26,54.7875
2003-11-27,54.647
2003-11-28,54.892
2003-12-01,54.7085
2003-12-02,55.2375
2003-12-03,55.212
2003-12-04,55.138
2003-12-05,55.436
2003-12-08,55.6255
2003-12-09,55.823
2003-12-10,55.6245
2003-12-11,55.5635
2003-12-12,55.9395
2003-12-15,56.0125
2003-12-16,56.109
2003-12-17,56.421
2003-12-18,56.5775
2003-12-19,56.2465
2003-12-22,56.428
2003-12-23,56.341
2003-12-24,56.63
2003-12-25,56.6165
2003-12-26,56.4945
2003-12-29,56.89
2003-12-30,57.136
2003-12-31,57.433
2004-01-01,57.159
2004-01-02,57.4355
2004-01-05,57.724
2004-01-06,58.0725
2004-01-07,57.5515
2004-01-08,58.0735
2004-01-09,58.2915
2004-01-12,57.824
2004-01-13,57.896
2004-01-14,57.368
2004-01-15,57.1395
2004-01-16,56.237
2004-01-19,56.121
2004-01-20,57.0795
2004-01-21,57.268
2004-01-22,57.713
2004-01-23,57.133
2004-01-26,56.53
2004-01-27,57.3675
2004-01-28,56.6335
2004-01-29,56.237
2004-01-30,56.452
2004-02-02,56.2765
2004-02-03,56.7635
2004-02-04,56.744
2004-02-05,56.696
2004-02-06,57.537
2004-02-09,57.387
2004-02-10,57.3685
2004-02-11,57.9915
2004-02-12,57.891
2004-02-13,57.5675
2004-02-16,57.769
2004-02-17,58.0595
2004-02-18,57.34
2004-02-19,57.554
2004-02-20,56.7275
2004-02-23,56.846
2004-02-24,57.393
2004-02-25,56.477
2004-02-26,56.235
2004-02-27,56.4675
2004-03-01,56.2615
2004-03-02,55.2725
2004-03-03,55.261
2004-03-04,55.2115
2004-03-05,56.0965
2004-03-08,56.0525
2004-03-09,55.6575
2004-03-10,55.3275
2004-03-11,55.8585
2004-03-12,55.311
2004-03-15,55.483
2004-03-16,55.4435
2004-03-17,55.31
2004-03-18,56.0215
2004-03-19,55.439
2004-03-22,55.559
2004-03-23,55.2455
2004-03-24,54.249
2004-03-25,54.2545
2004-03-26,53.8995
2004-03-29,53.491
2004-03-30,53.57
2004-03-31,53.3745
2004-04-01,53.5375
2004-04-02,52.926
2004-04-05,52.407
2004-04-06,52.8305
2004-04-07,52.9305
2004-04-08,52.654
2004-04-09,52.6285
2004-04-12,52.6935
2004-04-13,52.216
2004-04-14,52.46
2004-04-15,52.6915
2004-04-16,52.5265
2004-04-19,52.712
2004-04-20,52.0195
2004-04-21,52.1225
2004-04-22,52.5985
2004-04-23,52.1955
2004-04-26,52.2465
2004-04-27,52.706
2004-04-28,52.238
2004-04-29,53.109
2004-04-30,53.284
2004-05-03,53.4735
2004-05-04,53.974
2004-05-05,54.146
2004-05-06,53.88
2004-05-07,53.017
2004-05-10,53.2075
2004-05-11,53.8195
2004-05-12,53.925
2004-05-13,53.461
2004-05-14,54.0845
2004-05-17,54.6285
2004-05-18,54.284
2004-05-19,54.236
2004-05-20,54.096
2004-05-21,54.259
2004-05-24,54.336
2004-05-25,54.805
2004-05-26,54.9245
2004-05-27,55.627
2004-05-28,55.4355
2004-05-31,55.422
2004-06-01,55.579
2004-06-02,55.3595
2004-06-03,55.1645
2004-06-04,55.256
2004-06-07,55.4375
2004-06-08,55.1115
2004-06-09,54.1135
2004-06-10,54.5035
2004-06-11,54.1245
2004-06-14,54.6415
2004-06-15,55.0895
2004-06-16,54.469
2004-06-17,54.7745
2004-06-18,55.3215
2004-06-21,55.5525
2004-06-22,55.9425
2004-06-23,55.221
2004-06-24,55.862
2004-06-25,55.736
2004-06-28,55.9375
2004-06-29,55.622
2004-06-30,56.0345
2004-07-01,55.679
2004-07-02,56.3275
2004-07-05,56.2815
2004-07-06,56.506
2004-07-07,56.6925
2004-07-08,56.634
2004-07-09,56.631
2004-07-12,56.6895
2004-07-13,56.51
2004-07-14,56.855
2004-07-15,56.904
2004-07-16,57.0185
2004-07-19,57.331
2004-07-20,56.806
2004-07-21,56.528
2004-07-22,56.6475
2004-07-23,55.983
2004-07-26,56.17
2004-07-27,55.704
2004-07-28,55.7425
2004-07-29,55.836
2004-07-30,55.7315
2004-08-02,55.6415
2004-08-03,55.884
2004-08-04,55.8575
2004-08-05,55.874
2004-08-06,56.825
2004-08-09,56.8805
2004-08-10,56.653
2004-08-11,56.58
2004-08-12,56.588
2004-08-13,57.19
2004-08-16,57.2725
2004-08-17,57.183
2004-08-18,57.132
2004-08-19,57.188
2004-08-20,56.924
2004-08-23,56.0615
2004-08-24,55.914
2004-08-25,55.942
2004-08-26,56.084
2004-08-27,55.603
2004-08-30,55.876
2004-08-31,56.444
2004-09-01,56.4555
2004-09-02,56.369
2004-09-03,55.744
2004-09-06,55.816
2004-09-07,56.0645
2004-09-08,56.412
2004-09-09,56.5855
2004-09-10,56.6725
2004-09-13,56.5645
2004-09-14,56.063
2004-09-15,55.6705
2004-09-16,55.816
2004-09-17,55.9285
2004-09-20,55.811
2004-09-21,56.4595
2004-09-22,56.2495
2004-09-23,56.247
2004-09-24,56.268
2004-09-27,56.477
2004-09-28,56.7505
2004-09-29,56.6865
2004-09-30,57.103
2004-10-01,56.929
2004-10-04,56.2875
2004-10-05,56.426
2004-10-06,56.322
2004-10-07,56.3205
2004-10-08,56.793
2004-10-11,56.687
2004-10-12,56.5025
2004-10-13,56.5635
2004-10-14,56.708
2004-10-15,57.088
2004-10-18,57.2505
2004-10-19,57.2965
2004-10-20,57.6075
2004-10-21,57.6765
2004-10-22,57.992
2004-10-25,58.4045
2004-10-26,58.2115
2004-10-27,57.94
2004-10-28,57.9155
2004-10-29,57.961
2004-11-01,57.8555
2004-11-02,57.8565
2004-11-03,58.064
2004-11-04,58.0545
2004-11-05,58.3925
2004-11-08,58.282
2004-11-09,58.169
2004-11-10,58.1405
2004-11-11,58.2705
2004-11-12,58.472
2004-11-15,58.3175
2004-11-16,58.3105
2004-11-17,58.6755
2004-11-18,58.326
2004-11-19,58.6595
2004-11-22,58.5935
2004-11-23,58.8955
2004-11-24,59.2945
2004-11-25,59.6425
2004-11-26,59.743
2004-11-29,59.284
2004-11-30,59.1495
2004-12-01,58.936
2004-12-02,58.5165
2004-12-03,59.287
2004-12-06,58.2545
2004-12-07,58.6285
2004-12-08,58.4675
2004-12-09,58.77
2004-12-10,58.948
2004-12-13,58.7925
2004-12-14,58.5265
2004-12-15,58.5905
2004-12-16,58.0195
2004-12-17,58.2895
2004-12-20,58.784
2004-12-21,58.4895
2004-12-22,58.673
2004-12-23,58.9665
2004-12-24,59.065
2004-12-27,59.638
2004-12-28,59.478
2004-12-29,59.447
2004-12-30,59.5975
2004-12-31,58.6425
2005-01-03,58.4295
2005-01-04,57.731
2005-01-05,57.734
2005-01-06,57.7875
2005-01-07,57.111
2005-01-10,57.43
2005-01-11,57.328
2005-01-12,57.776
2005-01-13,57.4965
2005-01-14,57.1505
2005-01-17,56.9725
2005-01-18,56.9125
2005-01-19,56.745
2005-01-20,56.696
2005-01-21,56.974
2005-01-24,57.046
2005-01-25,56.705
2005-01-26,57.186
2005-01-27,56.978
2005-01-28,56.985
2005-01-31,56.878
2005-02-01,56.9415
2005-02-02,56.4895
2005-02-03,56.199
2005-02-04,55.828
2005-02-07,55.4165
2005-02-08,55.76
2005-02-09,55.8705
2005-02-10,56.341
2005-02-11,56.3275
2005-02-14,56.6485
2005-02-15,56.995
2005-02-16,56.941
2005-02-17,57.0875
2005-02-18,57.227
2005-02-21,57.181
2005-02-22,57.9065
2005-02-23,57.653
2005-02-24,57.5875
2005-02-25,57.797
2005-02-28,57.775
2005-03-01,57.5485
2005-03-02,57.3825
2005-03-03,57.2445
2005-03-04,57.777
2005-03-07,57.668
2005-03-08,58.182
2005-03-09,58.32
2005-03-10,58.408
2005-03-11,58.4645
2005-03-14,58.1305
2005-03-15,57.881
2005-03-16,58.449
2005-03-17,58.321
2005-03-18,58.0465
2005-03-21,57.531
2005-03-22,57.2075
2005-03-23,56.7965
2005-03-24,56.5495
2005-03-25,56.583
2005-03-28,56.359
2005-03-29,56.5235
2005-03-30,56.5015
2005-03-31,56.62
2005-04-01,56.3755
2005-04-04,56.212
2005-04-05,56.269
2005-04-06,56.2745
2005-04-07,56.17
2005-04-08,56.5155
2005-04-11,56.636
2005-04-12,56.471
2005-04-13,56.484
2005-04-14,56.018
2005-04-15,56.5395
2005-04-18,56.8755
2005-04-19,57.1355
2005-04-20,57.2295
2005-04-21,57.081
2005-04-22,57.0505
2005-04-25,56.7755
2005-04-26,56.7295
2005-04-27,56.5105
2005-04-28,56.3085
2005-04-29,55.9075
2005-05-02,56.057
2005-05-03,56.096
2005-05-04,56.3235
2005-05-05,56.2465
2005-05-06,55.783
2005-05-09,55.9375
2005-05-10,55.878
2005-05-11,55.4585
2005-05-12,54.9455
2005-05-13,54.8065
2005-05-16,54.9535
2005-05-17,54.7855
2005-05-18,55.128
2005-05-19,54.9235
2005-05-20,54.609
2005-05-23,54.704
2005-05-24,54.707
2005-05-25,54.8215
2005-05-26,54.4565
2005-05-27,54.733
2005-05-30,54.3595
2005-05-31,53.788
2005-06-01,53.318
2005-06-02,53.5885
2005-06-03,53.3365
2005-06-06,53.4555
2005-06-07,53.5095
2005-06-08,53.2205
2005-06-09,53.203
2005-06-10,52.7535
2005-06-13,52.8345
2005-06-14,52.4405
2005-06-15,52.881
2005-06-16,52.779
2005-06-17,53.4715
2005-06-20,52.8925
2005-06-21,52.9895
2005-06-22,52.724
2005-06-23,52.3715
2005-06-24,52.6335
2005-06-27,52.908
2005-06-28,52.445
2005-06-29,52.58
2005-06-30,52.628
2005-07-01,52.075
2005-07-04,51.8295
2005-07-05,51.892
2005-07-06,51.9635
2005-07-07,52.116
2005-07-08,52.186
2005-07-11,52.5725
2005-07-12,53.2935
2005-07-13,52.6975
2005-07-14,52.5935
2005-07-15,52.3585
2005-07-18,52.4465
2005-07-19,52.4125
2005-07-20,52.826
2005-07-21,52.377
2005-07-22,52.4525
2005-07-25,52.4715
2005-07-26,52.1825
2005-07-27,52.376
2005-07-28,52.6165
2005-07-29,52.686
2005-08-01,52.8625
2005-08-02,53.0515
2005-08-03,53.5745
2005-08-04,53.8605
2005-08-05,53.728
2005-08-08,53.7
2005-08-09,53.8175
2005-08-10,53.8725
2005-08-11,54.3155
2005-08-12,54.1035
2005-08-15,53.785
2005-08-16,53.754
2005-08-17,53.398
2005-08-18,52.998
2005-08-19,52.9245
2005-08-22,53.262
2005-08-23,53.358
2005-08-24,53.6405
2005-08-25,53.707
2005-08-26,53.5895
2005-08-29,53.6335
2005-08-30,53.7775
2005-08-31,54.3345
2005-09-01,54.9695
2005-09-02,54.9505
2005-09-05,54.946
2005-09-06,54.642
2005-09-07,54.422
2005-09-08,54.3185
2005-09-09,54.345
2005-09-12,53.7945
2005-09-13,53.784
2005-09-14,53.879
2005-09-15,53.5665
2005-09-16,53.651
2005-09-19,53.24
2005-09-20,53.131
2005-09-21,53.596
2005-09-22,53.326
2005-09-23,52.823
2005-09-26,53.011
2005-09-27,52.886
2005-09-28,52.982
2005-09-29,52.9325
2005-09-30,52.8885
2005-10-03,52.523
2005-10-04,52.62
2005-10-05,52.904
2005-10-06,53.869
2005-10-07,53.764
2005-10-10,54.0365
2005-10-11,53.71
2005-10-12,53.8395
2005-10-13,54.0005
2005-10-14,54.0945
2005-10-17,53.9205
2005-10-18,53.936
2005-10-19,54.0995
2005-10-20,54.287
2005-10-21,53.8095
2005-10-24,54.011
2005-10-25,54.476
2005-10-26,54.3345
2005-10-27,54.653
2005-10-28,54.345
2005-10-31,54.023
2005-11-01,54.1695
2005-11-02,54.544
2005-11-03,54.0545
2005-11-04,53.7435
2005-11-07,54.1355
2005-11-08,53.866
2005-11-09,53.7785
2005-11-10,53.411
2005-11-11,53.4135
2005-11-14,53.4195
2005-11-15,53.5125
2005-11-16,53.3765
2005-11-17,53.688
2005-11-18,53.816
2005-11-21,53.624
2005-11-22,54.073
2005-11-23,54.031
2005-11-24,53.869
2005-11-25,53.6615
2005-11-28,54.3665
2005-11-29,54.0345
2005-11-30,54.1065
2005-12-01,53.91
2005-12-02,54.0425
2005-12-05,54.516
2005-12-06,54.3865
2005-12-07,54.1345
2005-12-08,54.591
2005-12-09,54.4945
2005-12-12,55.014
2005-12-13,54.957
2005-12-14,54.7995
2005-12-15,54.2395
2005-12-16,54.3775
2005-12-19,53.988
2005-12-20,53.584
2005-12-21,53.4545
2005-12-22,53.565
2005-12-23,53.5835
2005-12-26,53.3715
2005-12-27,53.4705
2005-12-28,53.3695
2005-12-29,53.44
2005-12-30,53.285
2006-01-02,53.3035
2006-01-03,54.019
2006-01-04,54.1675
2006-01-05,53.975
2006-01-06,53.8465
2006-01-09,53.492
2006-01-10,53.32
2006-01-11,53.249
2006-01-12,52.9805
2006-01-13,53.5155
2006-01-16,53.5405
2006-01-17,53.561
2006-01-18,53.632
2006-01-19,53.458
2006-01-20,53.607
2006-01-23,54.2835
2006-01-24,54.2695
2006-01-25,54.011
2006-01-26,53.766
2006-01-27,53.291
2006-01-30,53.246
2006-01-31,53.393
2006-02-01,53.235
2006-02-02,53.4285
2006-02-03,53.048
2006-02-06,52.7985
2006-02-07,52.8885
2006-02-08,52.785
2006-02-09,52.8625
2006-02-10,52.4805
2006-02-13,52.5985
2006-02-14,52.6275
2006-02-15,52.502
2006-02-16,52.6445
2006-02-17,52.8695
2006-02-20,52.9355
2006-02-21,52.9065
2006-02-22,53.061
2006-02-23,52.8955
2006-02-24,52.595
2006-02-27,52.632
2006-02-28,52.778
2006-03-01,52.7695
2006-03-02,53.2215
2006-03-03,53.2135
2006-03-06,53.2015
2006-03-07,52.644
2006-03-08,52.9145
2006-03-09,52.872
2006-03-10,52.8055
2006-03-13,53.1345
2006-03-14,53.311
2006-03-15,53.2475
2006-03-16,53.9595
2006-03-17,53.971
2006-03-20,53.876
2006-03-21,53.5475
2006-03-22,53.659
2006-03-23,53.2095
2006-03-24,53.56
2006-03-27,53.605
2006-03-28,53.5235
2006-03-29,53.582
2006-03-30,54.1195
2006-03-31,53.925
2006-04-03,53.907
2006-04-04,54.6595
2006-04-05,54.637
2006-04-06,54.509
2006-04-07,53.8365
2006-04-10,54.1225
2006-04-11,54.285
2006-04-12,54.596
2006-04-13,54.6045
2006-04-14,54.495
2006-04-17,55.1305
2006-04-18,55.658
2006-04-19,55.692
2006-04-20,55.4795
2006-04-21,55.6255
2006-04-24,55.6255
2006-04-25,55.8315
2006-04-26,56.067
2006-04-27,56.1785
2006-04-28,56.74
2006-05-01,56.3795
2006-05-02,56.5645
2006-05-03,56.6635
2006-05-04,56.8965
2006-05-05,57.072
2006-05-08,56.9615
2006-05-09,57.2155
2006-05-10,57.3455
2006-05-11,57.582
2006-05-12,58.1335
2006-05-15,58.073
2006-05-16,57.9365
2006-05-17,56.932
2006-05-18,58.25
2006-05-19,57.9555
2006-05-22,58.516
2006-05-23,58.1765
2006-05-24,58.1515
2006-05-25,58.582
2006-05-26,58.3645
2006-05-29,58.787
2006-05-30,59.3825
2006-05-31,59.3145
2006-06-01,59.1775
2006-06-02,59.0185
2006-06-05,59.011
2006-06-06,58.7435
2006-06-07,58.667
2006-06-08,58.15
2006-06-09,57.916
2006-06-12,57.543
2006-06-13,57.4695
2006-06-14,57.764
2006-06-15,57.9545
2006-06-16,57.7875
2006-06-19,57.5445
2006-06-20,57.645
2006-06-21,58.0025
2006-06-22,57.836
2006-06-23,57.571
2006-06-26,58.194
2006-06-27,58.2545
2006-06-28,58.086
2006-06-29,58.4155
2006-06-30,58.6755
2006-07-03,58.772
2006-07-04,58.7745
2006-07-05,58.43
2006-07-06,58.7935
2006-07-07,58.7465
2006-07-10,58.5775
2006-07-11,58.7835
2006-07-12,58.5635
2006-07-13,58.605
2006-07-14,58.45
2006-07-17,58.4115
2006-07-18,58.304
2006-07-19,58.9775
2006-07-20,59.104
2006-07-21,59.3335
2006-07-24,59.1965
2006-07-25,58.8125
2006-07-26,59.3965
2006-07-27,59.0835
2006-07-28,59.3895
2006-07-31,59.3595
2006-08-01,59.6995
2006-08-02,59.6215
2006-08-03,59.52
2006-08-04,59.822
2006-08-07,59.727
2006-08-08,59.657
2006-08-09,59.6995
2006-08-10,59.2605
2006-08-11,59.1195
2006-08-14,59.1965
2006-08-15,59.427
2006-08-16,59.7085
2006-08-17,59.4975
2006-08-18,59.5
2006-08-21,59.8355
2006-08-22,59.4795
2006-08-23,59.426
2006-08-24,59.2795
2006-08-25,59.216
2006-08-28,59.405
2006-08-29,59.607
2006-08-30,59.5425
2006-08-31,59.5085
2006-09-01,59.5465
2006-09-04,59.643
2006-09-05,59.2345
2006-09-06,58.9285
2006-09-07,58.748
2006-09-08,58.3825
2006-09-11,58.6905
2006-09-12,58.5655
2006-09-13,58.504
2006-09-14,58.517
2006-09-15,58.128
2006-09-18,58.5735
2006-09-19,58.349
2006-09-20,58.172
2006-09-21,58.4485
2006-09-22,58.513
2006-09-25,58.4485
2006-09-26,58.074
2006-09-27,58.13
2006-09-28,58.183
2006-09-29,58.025
2006-10-02,58.3315
2006-10-03,58.1945
2006-10-04,58.081
2006-10-05,57.8525
2006-10-06,57.243
2006-10-09,57.516
2006-10-10,57.2805
2006-10-11,57.032
2006-10-12,57.191
2006-10-13,56.7315
2006-10-16,56.84
2006-10-17,56.676
2006-10-18,56.781
2006-10-19,57.102
2006-10-20,57.015
2006-10-23,56.8575
2006-10-24,56.755
2006-10-25,57.0675
2006-10-26,57.323
2006-10-27,57.4005
2006-10-30,57.1905
2006-10-31,57.3335
2006-11-01,57.1405
2006-11-02,57.2775
2006-11-03,56.9365
2006-11-06,57.0675
2006-11-07,56.9995
2006-11-08,56.894
2006-11-09,57.0305
2006-11-10,57.2375
2006-11-13,57.413
2006-11-14,57.7245
2006-11-15,58.0765
2006-11-16,57.376
2006-11-17,57.3645
2006-11-20,57.5285
2006-11-21,57.5225
2006-11-22,57.7715
2006-11-23,57.84
2006-11-24,58.4105
2006-11-27,58.5445
2006-11-28,58.868
2006-11-29,58.579
2006-11-30,59.055
2006-12-01,59.29
2006-12-04,59.298
2006-12-05,59.1965
2006-12-06,59.298
2006-12-07,59.1825
2006-12-08,58.7665
2006-12-11,59.1785
2006-12-12,59.353
2006-12-13,59.0645
2006-12-14,58.585
2006-12-15,58.2125
2006-12-18,58.476
2006-12-19,58.8275
2006-12-20,58.695
2006-12-21,58.6485
2006-12-22,58.34
2006-12-25,58.273
2006-12-26,58.094
2006-12-27,57.905
2006-12-28,57.978
2006-12-29,58.232
2007-01-01,58.2295
2007-01-02,58.618
2007-01-03,58.244
2007-01-04,57.7855
2007-01-05,57.4605
2007-01-08,57.72
2007-01-09,57.553
2007-01-10,57.4935
2007-01-11,57.3895
2007-01-12,57.239
2007-01-15,57.1945
2007-01-16,57.095
2007-01-17,57.0525
2007-01-18,57.225
2007-01-19,57.2515
2007-01-22,57.1375
2007-01-23,57.5075
2007-01-24,57.247
2007-01-25,57.114
2007-01-26,57.057
2007-01-29,57.2055
2007-01-30,57.115
2007-01-31,57.4605
2007-02-01,57.325
2007-02-02,57.042
2007-02-05,56.886
2007-02-06,57.1315
2007-02-07,57.2785
2007-02-08,57.363
2007-02-09,57.1505
2007-02-12,57.0765
2007-02-13,57.3995
2007-02-14,57.6975
2007-02-15,57.733
2007-02-16,57.6475
2007-02-19,57.8665
2007-02-20,57.989
2007-02-21,57.8245
2007-02-22,57.8265
2007-02-23,58.0245
2007-02-26,58.078
2007-02-27,58.3555
2007-02-28,58.3465
2007-03-01,58.1325
2007-03-02,58.1965
2007-03-05,58.1045
2007-03-06,58.0085
2007-03-07,58.2295
2007-03-08,58.0415
2007-03-09,57.82
2007-03-12,58.1945
2007-03-13,58.2035
2007-03-14,58.413
2007-03-15,58.402
2007-03-16,58.535
2007-03-19,58.4935
2007-03-20,58.169
2007-03-21,57.93
2007-03-22,58.03
2007-03-23,57.6305
2007-03-26,57.605
2007-03-27,57.4185
2007-03-28,56.9615
2007-03-29,57.85
2007-03-30,57.5955
2007-04-02,57.627
2007-04-03,57.103
2007-04-04,57.321
2007-04-05,57.341
2007-04-06,57.0905
2007-04-09,57.008
2007-04-10,57.336
2007-04-11,57.3415
2007-04-12,57.5605
2007-04-13,57.419
2007-04-16,56.5345
2007-04-17,56.608
2007-04-18,56.967
2007-04-19,57.044
2007-04-20,56.532
2007-04-23,56.3335
2007-04-24,55.611
2007-04-25,55.414
2007-04-26,55.294
2007-04-27,55.7025
2007-04-30,56.01
2007-05-01,55.814
2007-05-02,55.787
2007-05-03,55.354
2007-05-04,55.2455
2007-05-07,55.1575
2007-05-08,55.0505
2007-05-09,55.0475
2007-05-10,55.5265
2007-05-11,55.1285
2007-05-14,55.0
2007-05-15,55.1
2007-05-16,54.877
2007-05-17,54.7955
2007-05-18,54.441
2007-05-21,54.4485
2007-05-22,54.125
2007-05-23,54.216
2007-05-24,54.3045
2007-05-25,54.1535
2007-05-28,54.3655
2007-05-29,54.0605
2007-05-30,54.4945
2007-05-31,54.3185
2007-06-01,54.159
2007-06-04,54.2595
2007-06-05,54.51
2007-06-06,54.58
2007-06-07,54.5575
2007-06-08,54.459
2007-06-11,54.193
2007-06-12,53.8685
2007-06-13,54.0915
2007-06-14,54.0815
2007-06-15,54.3735
2007-06-18,54.382
2007-06-19,54.4945
2007-06-20,54.6385
2007-06-21,54.3365
2007-06-22,54.691
2007-06-25,54.8895
2007-06-26,54.9435
2007-06-27,55.016
2007-06-28,54.721
2007-06-29,54.877
2007-07-02,55.1075
2007-07-03,55.032
2007-07-04,55.0305
2007-07-05,54.859
2007-07-06,54.771
2007-07-09,54.846
2007-07-10,55.3385
2007-07-11,55.398
2007-07-12,55.5915
2007-07-13,55.513
2007-07-16,55.4235
2007-07-17,55.524
2007-07-18,55.642
2007-07-19,55.5525
2007-07-20,55.5845
2007-07-23,55.4215
2007-07-24,55.4915
2007-07-25,55.1955
2007-07-26,55.2785
2007-07-27,55.0745
2007-07-30,55.1715
2007-07-31,54.9475
2007-08-01,55.049
2007-08-02,55.1655
2007-08-03,55.4405
2007-08-06,55.4885
2007-08-07,55.2825
2007-08-08,55.6205
2007-08-09,55.229
2007-08-10,55.4225
2007-08-13,55.0265
2007-08-14,54.937
2007-08-15,54.4615
2007-08-16,55.2685
2007-08-17,55.3505
2007-08-20,55.2295
2007-08-21,55.2255
2007-08-22,55.1485
2007-08-23,55.5065
2007-08-24,55.9665
2007-08-27,55.806
2007-08-28,55.743
2007-08-29,56.0365
2007-08-30,55.9795
2007-08-31,55.3925
2007-09-03,55.42
2007-09-04,55.4785
2007-09-05,55.7075
2007-09-06,55.6085
2007-09-07,55.7605
2007-09-10,55.886
2007-09-11,56.0035
2007-09-12,56.101
2007-09-13,55.863
2007-09-14,55.9995
2007-09-17,56.101
2007-09-18,56.3395
2007-09-19,55.615
2007-09-20,56.036
2007-09-21,55.969
2007-09-24,55.676
2007-09-25,55.925
2007-09-26,55.9405
2007-09-27,56.071
2007-09-28,56.603
2007-10-01,56.4605
2007-10-02,56.151
2007-10-03,55.5005
2007-10-04,55.7835
2007-10-05,55.4455
2007-10-08,55.401
2007-10-09,55.356
2007-10-10,55.362
2007-10-11,55.563
2007-10-12,55.539
2007-10-15,55.6985
2007-10-16,55.578
2007-10-17,55.901
2007-10-18,56.502
2007-10-19,56.5335
2007-10-22,56.2925
2007-10-23,56.4545
2007-10-24,56.374
2007-10-25,56.399
2007-10-26,56.5945
2007-10-29,56.7555
2007-10-30,56.734
2007-10-31,56.7605
2007-11-01,56.5695
2007-11-02,56.9045
2007-11-05,56.6885
2007-11-06,57.1155
2007-11-07,57.353
2007-11-08,57.436
2007-11-09,57.4065
2007-11-12,57.0375
2007-11-13,57.2855
2007-11-14,57.427
2007-11-15,57.2995
2007-11-16,57.2725
2007-11-19,57.5545
2007-11-20,58.1675
2007-11-21,58.333
2007-11-22,58.6455
2007-11-23,58.868
2007-11-26,58.916
2007-11-27,58.821
2007-11-28,58.688
2007-11-29,58.4165
2007-11-30,57.8275
2007-12-03,57.78
2007-12-04,58.058
2007-12-05,57.4225
2007-12-06,57.676
2007-12-07,57.6295
2007-12-10,57.8425
2007-12-11,57.6095
2007-12-12,57.8185
2007-12-13,57.6325
2007-12-14,56.686
2007-12-17,56.951
2007-12-18,56.905
2007-12-19,56.899
2007-12-20,56.555
2007-12-21,56.5245
2007-12-24,56.725
2007-12-25,56.7505
2007-12-26,57.1115
2007-12-27,57.6135
2007-12-28,58.003
2007-12-31,57.492
2008-01-01,57.53
2008-01-02,57.899
2008-01-03,57.8375
2008-01-04,57.9755
2008-01-07,57.6635
2008-01-08,57.5615
2008-01-09,57.4425
2008-01-10,58.014
2008-01-11,57.8755
2008-01-14,58.247
2008-01-15,58.127
2008-01-16,57.4815
2008-01-17,57.3215
2008-01-18,57.2935
2008-01-21,56.892
2008-01-22,57.604
2008-01-23,57.8405
2008-01-24,57.9755
2008-01-25,57.7215
2008-01-28,57.988
2008-01-29,58.0655
2008-01-30,58.4725
2008-01-31,58.386
2008-02-01,58.056
2008-02-04,58.203
2008-02-05,57.6865
2008-02-06,57.7565
2008-02-07,57.2355
2008-02-08,57.471
2008-02-11,57.6175
2008-02-12,57.7225
2008-02-13,57.9145
2008-02-14,57.9595
2008-02-15,58.219
2008-02-18,58.0645
2008-02-19,58.647
2008-02-20,59.0245
2008-02-21,59.019
2008-02-22,59.346
2008-02-25,59.1785
2008-02-26,59.732
2008-02-27,60.039
2008-02-28,60.6885
2008-02-29,60.6145
2008-03-03,61.2695
2008-03-04,61.1785
2008-03-05,61.3735
2008-03-06,61.7835
2008-03-07,62.06
2008-03-10,61.9755
2008-03-11,61.9005
2008-03-12,62.5815
2008-03-13,63.232
2008-03-14,63.413
2008-03-17,63.9875
2008-03-18,62.8365
2008-03-19,63.107
2008-03-20,62.1655
2008-03-21,61.5275
2008-03-24,61.9065
2008-03-25,62.704
2008-03-26,63.6255
2008-03-27,63.2525
2008-03-28,63.0105
2008-03-31,63.1355
2008-04-01,62.2725
2008-04-02,62.66
2008-04-03,62.6415
2008-04-04,62.7195
2008-04-07,62.618
2008-04-08,62.816
2008-04-09,63.1835
2008-04-10,62.7795
2008-04-11,62.975
2008-04-14,63.172
2008-04-15,62.9665
2008-04-16,63.549
2008-04-17,63.2265
2008-04-18,62.8725
2008-04-21,63.423
2008-04-22,63.85
2008-04-23,63.538
2008-04-24,62.8575
2008-04-25,62.6015
2008-04-28,62.7535
2008-04-29,62.716
2008-04-30,63.1825
2008-05-01,62.592
2008-05-02,62.5715
2008-05-05,63.014
2008-05-06,63.6145
2008-05-07,63.4995
2008-05-08,64.1885
2008-05-09,64.372
2008-05-12,65.3555
2008-05-13,65.0545
2008-05-14,65.5365
2008-05-15,65.9535
2008-05-16,66.062
2008-05-19,65.781
2008-05-20,66.552
2008-05-21,67.512
2008-05-22,67.392
2008-05-23,67.0845
2008-05-26,67.2205
2008-05-27,67.2395
2008-05-28,66.702
2008-05-29,66.005
2008-05-30,65.5735
2008-06-02,65.881
2008-06-03,65.6565
2008-06-04,65.7535
2008-06-05,66.7605
2008-06-06,67.3145
2008-06-09,66.99
2008-06-10,66.323
2008-06-11,66.463
2008-06-12,65.974
2008-06-13,65.949
2008-06-16,66.35
2008-06-17,66.413
2008-06-18,66.525
2008-06-19,66.5465
2008-06-20,66.8425
2008-06-23,66.719
2008-06-24,66.571
2008-06-25,66.819
2008-06-26,67.1155
2008-06-27,67.585
2008-06-30,67.6425
2008-07-01,68.2805
2008-07-02,68.4015
2008-07-03,67.772
2008-07-04,67.7715
2008-07-07,67.915
2008-07-08,67.7385
2008-07-09,67.7105
2008-07-10,67.659
2008-07-11,68.1995
2008-07-14,68.261
2008-07-15,68.531
2008-07-16,68.09
2008-07-17,67.769
2008-07-18,67.7265
2008-07-21,68.004
2008-07-22,67.1215
2008-07-23,66.0
2008-07-24,65.996
2008-07-25,66.233
2008-07-28,66.9755
2008-07-29,66.3645
2008-07-30,65.868
2008-07-31,66.272
2008-08-01,65.7975
2008-08-04,66.035
2008-08-05,65.194
2008-08-06,64.747
2008-08-07,64.3415
2008-08-08,62.993
2008-08-11,62.7245
2008-08-12,63.082
2008-08-13,63.508
2008-08-14,63.5625
2008-08-15,62.8815
2008-08-18,63.931
2008-08-19,64.351
2008-08-20,64.3335
2008-08-21,64.7005
2008-08-22,64.0985
2008-08-25,64.447
2008-08-26,64.1155
2008-08-27,64.2375
2008-08-28,64.251
2008-08-29,64.375
2008-09-01,64.5265
2008-09-02,64.387
2008-09-03,63.683
2008-09-04,63.1295
2008-09-05,63.728
2008-09-08,62.857
2008-09-09,63.1995
2008-09-10,63.0235
2008-09-11,63.758
2008-09-12,65.0385
2008-09-15,65.0705
2008-09-16,66.131
2008-09-17,65.9905
2008-09-18,66.4995
2008-09-19,66.269
2008-09-22,67.041
2008-09-23,66.81
2008-09-24,67.044
2008-09-25,67.2355
2008-09-26,67.9865
2008-09-29,67.0505
2008-09-30,66.1125
2008-10-01,65.2115
2008-10-02,63.853
2008-10-03,64.448
2008-10-06,64.4305
2008-10-07,65.258
2008-10-08,65.3025
2008-10-09,65.171
2008-10-10,64.877
2008-10-13,65.432
2008-10-14,65.28
2008-10-15,65.134
2008-10-16,65.695
2008-10-17,65.322
2008-10-20,65.0545
2008-10-21,63.798
2008-10-22,63.3375
2008-10-23,64.48
2008-10-24,62.8295
2008-10-27,62.032
2008-10-28,63.0705
2008-10-29,64.004
2008-10-30,63.5055
2008-10-31,62.8055
2008-11-03,61.3615
2008-11-04,61.5835
2008-11-05,61.319
2008-11-06,60.5105
2008-11-07,60.5215
2008-11-10,60.2495
2008-11-11,60.026
2008-11-12,61.4225
2008-11-13,62.7575
2008-11-14,61.7925
2008-11-17,62.06
2008-11-18,62.5525
2008-11-19,62.4275
2008-11-20,62.552
2008-11-21,62.3525
2008-11-24,64.515
2008-11-25,65.0005
2008-11-26,63.617
2008-11-27,62.9315
2008-11-28,62.9555
2008-12-01,62.9675
2008-12-02,63.7305
2008-12-03,63.49
2008-12-04,63.6145
2008-12-05,63.038
2008-12-08,64.0385
2008-12-09,63.594
2008-12-10,63.4255
2008-12-11,64.403
2008-12-12,64.8445
2008-12-15,65.321
2008-12-16,66.9935
2008-12-17,68.3545
2008-12-18,66.5025
2008-12-19,65.6
2008-12-22,66.536
2008-12-23,67.993
2008-12-24,66.9065
2008-12-25,66.5805
2008-12-26,68.1165
2008-12-29,67.492
2008-12-30,67.6745
2008-12-31,67.9705
2009-01-01,68.204
2009-01-02,66.788
2009-01-05,65.8665
2009-01-06,65.4595
2009-01-07,66.453
2009-01-08,66.5915
2009-01-09,64.5745
2009-01-12,65.0315
2009-01-13,64.5615
2009-01-14,64.0225
2009-01-15,64.314
2009-01-16,64.7195
2009-01-19,63.619
2009-01-20,63.228
2009-01-21,64.0325
2009-01-22,63.6665
2009-01-23,63.714
2009-01-26,63.888
2009-01-27,64.1525
2009-01-28,63.9455
2009-01-29,63.2035
2009-01-30,62.4375
2009-02-02,62.561
2009-02-03,63.2425
2009-02-04,62.5065
2009-02-05,62.199
2009-02-06,62.915
2009-02-09,63.157
2009-02-10,62.9325
2009-02-11,62.944
2009-02-12,62.683
2009-02-13,62.5105
2009-02-16,62.3945
2009-02-17,62.499
2009-02-18,62.7125
2009-02-19,62.5395
2009-02-20,63.648
2009-02-23,62.642
2009-02-24,63.8355
2009-02-25,63.386
2009-02-26,64.109
2009-02-27,64.6205
2009-03-02,65.2065
2009-03-03,65.321
2009-03-04,65.121
2009-03-05,64.8315
2009-03-06,65.344
2009-03-09,65.349
2009-03-10,65.109
2009-03-11,65.4175
2009-03-12,66.5045
2009-03-13,66.6285
2009-03-16,66.357
2009-03-17,66.7075
2009-03-18,69.11
2009-03-19,68.683
2009-03-20,68.6215
2009-03-23,68.5825
2009-03-24,67.872
2009-03-25,68.6045
2009-03-26,68.1775
2009-03-27,67.201
2009-03-30,67.4965
2009-03-31,66.9955
2009-04-01,67.01
2009-04-02,67.3235
2009-04-03,67.2805
2009-04-06,67.051
2009-04-07,66.29
2009-04-08,66.5055
2009-04-09,65.601
2009-04-10,65.6705
2009-04-13,66.4555
2009-04-14,65.738
2009-04-15,65.5205
2009-04-16,65.416
2009-04-17,64.931
2009-04-20,64.8715
2009-04-21,65.136
2009-04-22,65.438
2009-04-23,65.6225
2009-04-24,65.758
2009-04-27,65.259
2009-04-28,66.1625
2009-04-29,66.1765
2009-04-30,65.7735
2009-05-01,65.899
2009-05-04,66.6195
2009-05-05,65.604
2009-05-06,65.7755
2009-05-07,65.8095
2009-05-08,67.0795
2009-05-11,67.0935
2009-05-12,67.241
2009-05-13,67.5015
2009-05-14,67.6495
2009-05-15,66.553
2009-05-18,64.53
2009-05-19,64.844
2009-05-20,65.2755
2009-05-21,65.6285
2009-05-22,65.534
2009-05-24,65.972
2009-05-25,66.251
2009-05-26,66.415
2009-05-27,65.846
2009-05-28,66.2025
2009-05-29,66.6935
2009-05-31,66.479
2009-06-01,66.2495
2009-06-02,66.957
2009-06-03,66.3475
2009-06-04,66.8115
2009-06-05,65.613
2009-06-07,65.771
2009-06-08,66.048
2009-06-09,66.577
2009-06-10,65.98
2009-06-11,66.8975
2009-06-12,66.544
2009-06-14,66.283
2009-06-15,65.6735
2009-06-16,65.975
2009-06-17,66.875
2009-06-18,66.8325
2009-06-19,66.9615
2009-06-21,67.216
2009-06-22,67.293
2009-06-23,68.2285
2009-06-24,67.3575
2009-06-25,67.901
2009-06-26,67.506
2009-06-28,67.473
2009-06-29,67.6075
2009-06-30,67.0215
2009-07-01,67.597
2009-07-02,66.8215
2009-07-03,66.769
2009-07-05,66.816
2009-07-06,67.8145
2009-07-07,67.43
2009-07-08,67.731
2009-07-09,68.141
2009-07-10,67.9515
2009-07-12,67.835
2009-07-13,68.397
2009-07-14,68.2855
2009-07-15,68.549
2009-07-16,68.768
2009-07-17,68.479
2009-07-19,68.506
2009-07-20,68.46
2009-07-21,68.5395
2009-07-22,68.807
2009-07-23,68.289
2009-07-24,68.3115
2009-07-26,68.444
2009-07-27,68.618
2009-07-28,68.3445
2009-07-29,67.759
2009-07-30,67.921
2009-07-31,68.151
2009-08-03,68.233
2009-08-04,68.357
2009-08-05,68.3635
2009-08-06,68.2845
2009-08-07,67.6625
2009-08-09,67.615
2009-08-10,67.5305
2009-08-11,67.7715
2009-08-12,68.364
2009-08-13,68.6135
2009-08-14,68.468
2009-08-16,68.441
2009-08-17,68.729
2009-08-18,68.863
2009-08-19,69.1985
2009-08-20,69.018
2009-08-21,69.366
2009-08-23,69.213
2009-08-24,69.4105
2009-08-25,69.6285
2009-08-26,69.68
2009-08-27,70.021
2009-08-28,69.4
2009-08-30,69.604
2009-08-31,69.785
2009-09-01,69.9035
2009-09-02,69.8555
2009-09-03,69.6025
2009-09-04,69.714
2009-09-06,69.779
2009-09-07,69.644
2009-09-08,69.9915
2009-09-09,70.582
2009-09-10,70.572
2009-09-11,70.541
2009-09-13,70.6355
2009-09-14,71.1895
2009-09-15,71.0475
2009-09-16,70.8455
2009-09-17,70.864
2009-09-18,70.623
2009-09-20,70.653
2009-09-21,70.391
2009-09-22,70.9595
2009-09-23,70.694
2009-09-24,70.197
2009-09-25,70.419
2009-09-27,70.412
2009-09-28,69.8325
2009-09-29,70.2025
2009-09-30,69.8555
2009-10-01,69.3775
2009-10-02,69.4065
2009-10-04,69.491
2009-10-05,69.463
2009-10-06,68.8335
2009-10-07,68.517
2009-10-08,68.3695
2009-10-09,68.517
2009-10-11,68.376
2009-10-12,68.477
2009-10-13,68.9485
2009-10-14,68.668
2009-10-15,68.705
2009-10-16,68.903
2009-10-18,68.839
2009-10-19,68.869
2009-10-20,69.12
2009-10-21,69.5565
2009-10-22,69.9615
2009-10-23,69.764
2009-10-25,69.785
2009-10-26,69.2575
2009-10-27,69.516
2009-10-28,69.4015
2009-10-29,69.396
2009-10-30,69.064
2009-11-01,69.126
2009-11-02,69.163
2009-11-03,69.381
2009-11-04,69.814
2009-11-05,69.896
2009-11-06,69.5325
2009-11-08,69.465
2009-11-09,69.527
2009-11-10,69.4065
2009-11-11,69.4525
2009-11-12,69.1985
2009-11-13,68.9065
2009-11-15,68.972
2009-11-16,68.888
2009-11-17,68.734
2009-11-18,69.161
2009-11-19,69.7415
2009-11-20,69.2175
2009-11-22,69.3645
2009-11-23,69.544
2009-11-24,69.5285
2009-11-25,69.611
2009-11-26,70.064
2009-11-27,69.5375
2009-11-29,69.665
2009-11-30,69.8445
2009-12-01,69.7925
2009-12-02,69.5455
2009-12-03,69.371
2009-12-04,68.581
2009-12-06,68.7365
2009-12-07,68.861
2009-12-08,68.534
2009-12-09,68.5275
2009-12-10,68.5475
2009-12-11,67.9675
2009-12-13,67.861
2009-12-14,68.29
2009-12-15,67.6415
2009-12-16,67.723
2009-12-17,67.3355
2009-12-18,67.034
2009-12-20,66.709
2009-12-21,66.8685
2009-12-22,66.735
2009-12-23,66.8825
2009-12-24,67.16
2009-12-25,66.96
2009-12-27,67.1835
2009-12-28,66.845
2009-12-29,66.8585
2009-12-30,66.6985
2009-12-31,66.4455
2010-01-01,66.781
2010-01-03,67.1355
2010-01-04,66.7295
2010-01-05,66.39
2010-01-06,65.8645
2010-01-07,65.3525
2010-01-08,65.5425
2010-01-10,65.351
2010-01-11,65.6835
2010-01-12,66.175
2010-01-13,66.018
2010-01-14,66.136
2010-01-15,65.878
2010-01-17,65.8709
2010-01-18,65.6535
2010-01-19,65.4345
2010-01-20,64.665
2010-01-21,65.1455
2010-01-22,65.36
2010-01-24,65.432
2010-01-25,65.1985
2010-01-26,64.548
2010-01-27,64.756
2010-01-28,64.572
2010-01-29,63.9525
2010-01-31,63.943
2010-02-01,64.2685
2010-02-02,64.4085
2010-02-03,63.815
2010-02-04,63.4875
2010-02-05,63.736
2010-02-07,63.606
2010-02-08,63.9575
2010-02-09,63.981
2010-02-10,63.652
2010-02-11,63.407
2010-02-12,63.224
2010-02-14,63.302
2010-02-15,63.045
2010-02-16,63.271
2010-02-17,62.8095
2010-02-18,62.9805
2010-02-19,62.872
2010-02-21,62.5048
2010-02-22,62.723
2010-02-23,62.511
2010-02-24,62.6395
2010-02-25,62.8795
2010-02-26,62.811
2010-02-28,62.6313
2010-03-01,62.3805
2010-03-02,62.18
2010-03-03,62.6115
2010-03-04,62.1945
2010-03-05,61.912
2010-03-07,61.935
2010-03-08,62.069
2010-03-09,62.014
2010-03-10,62.0325
2010-03-11,62.26
2010-03-12,62.571
2010-03-15,62.308
2010-03-16,62.695
2010-03-17,62.364
2010-03-18,61.8775
2010-03-19,61.5185
2010-03-22,61.6755
2010-03-23,61.351
2010-03-24,60.4785
2010-03-25,60.3155
2010-03-26,60.54
2010-03-29,60.523
2010-03-30,60.4075
2010-03-31,60.556
2010-04-01,60.8725
2010-04-02,60.4505
2010-04-05,59.853
2010-04-06,59.5165
2010-04-07,59.272
2010-04-08,59.2785
2010-04-09,59.632
2010-04-12,60.4395
2010-04-13,60.6525
2010-04-14,60.3645
2010-04-15,60.227
2010-04-16,59.767
2010-04-19,60.336
2010-04-20,59.8215
2010-04-21,59.6455
2010-04-22,59.2
2010-04-23,59.32
2010-04-25,59.291
2010-04-26,59.4695
2010-04-27,58.514
2010-04-28,58.996
2010-04-29,58.8955
2010-04-30,58.8765
2010-05-02,58.822
2010-05-03,58.7395
2010-05-04,57.9145
2010-05-05,57.434
2010-05-06,57.559
2010-05-07,58.15
2010-05-09,57.772
2010-05-10,57.327
2010-05-11,57.07
2010-05-12,56.763
2010-05-13,56.472
2010-05-14,55.9735
2010-05-16,56.034
2010-05-17,56.4135
2010-05-18,55.5575
2010-05-19,57.634
2010-05-20,58.367
2010-05-21,58.9985
2010-05-24,58.026
2010-05-25,58.7545
2010-05-26,57.342
2010-05-27,57.819
2010-05-28,56.8405
2010-05-30,56.865
2010-05-31,57.0545
2010-06-01,57.6565
2010-06-02,57.545
2010-06-03,57.545
2010-06-04,56.149
2010-06-06,56.238
2010-06-07,56.1075
2010-06-08,56.1065
2010-06-09,56.345
2010-06-10,56.64
2010-06-11,56.6585
2010-06-13,56.502
2010-06-14,56.81
2010-06-15,57.138
2010-06-16,57.1005
2010-06-17,57.224
2010-06-18,57.0235
2010-06-20,56.833
2010-06-21,56.2055
2010-06-22,56.481
2010-06-23,56.8695
2010-06-24,57.349
2010-06-25,57.027
2010-06-27,57.359
2010-06-28,56.735
2010-06-29,56.626
2010-06-30,56.8325
2010-07-01,58.315
2010-07-02,58.5245
2010-07-04,58.573
2010-07-05,58.658
2010-07-06,59.049
2010-07-07,59.414
2010-07-08,59.4895
2010-07-09,58.9705
2010-07-11,58.98
2010-07-12,58.774
2010-07-13,59.529
2010-07-14,59.507
2010-07-15,60.315
2010-07-16,60.4295
2010-07-18,60.6017
2010-07-19,60.9695
2010-07-20,60.9185
2010-07-21,60.168
2010-07-22,60.749
2010-07-23,60.5535
2010-07-25,60.364
2010-07-26,61.1365
2010-07-27,60.6235
2010-07-28,60.755
2010-07-29,60.8495
2010-07-30,60.5495
2010-08-01,60.608
2010-08-02,60.965
2010-08-03,61.0645
2010-08-04,60.389
2010-08-05,60.7955
2010-08-06,61.091
2010-08-08,61.048
2010-08-09,61.044
2010-08-10,61.146
2010-08-11,59.946
2010-08-12,59.9755
2010-08-13,59.47
2010-08-15,59.541
2010-08-16,60.028
2010-08-17,60.0835
2010-08-18,59.867
2010-08-19,59.6335
2010-08-20,59.238
2010-08-22,59.129
2010-08-23,59.041
2010-08-24,59.2245
2010-08-25,59.372
2010-08-26,59.587
2010-08-27,59.753
2010-08-29,59.746
2010-08-30,59.418
2010-08-31,59.709
2010-09-01,59.8
2010-09-02,59.9295
2010-09-03,59.947
2010-09-05,60.016
2010-09-06,59.9155
2010-09-07,59.3985
2010-09-08,59.15
2010-09-09,58.845
2010-09-10,58.6895
2010-09-12,58.928
2010-09-13,59.647
2010-09-14,60.1325
2010-09-15,60.083
2010-09-16,60.3345
2010-09-17,59.8315
2010-09-19,59.857
2010-09-20,59.7155
2010-09-21,60.515
2010-09-22,61.0885
2010-09-23,60.534
2010-09-24,60.858
2010-09-26,60.982
2010-09-27,60.5565
2010-09-28,61.101
2010-09-29,60.942
2010-09-30,60.7625
2010-10-01,61.202
2010-10-03,61.106
2010-10-04,60.9945
2010-10-05,61.522
2010-10-06,61.6385
2010-10-07,61.5575
2010-10-08,61.928
2010-10-10,61.841
2010-10-11,61.6095
2010-10-12,61.9935
2010-10-13,61.947
2010-10-14,62.1045
2010-10-15,61.6125
2010-10-17,61.811
2010-10-18,61.6985
2010-10-19,60.926
2010-10-20,61.802
2010-10-21,61.6815
2010-10-22,62.1075
2010-10-24,61.922
2010-10-25,61.946
2010-10-26,61.6005
2010-10-27,61.205
2010-10-28,61.8485
2010-10-29,61.8335
2010-10-31,61.764
2010-11-01,61.7735
2010-11-02,62.2885
2010-11-03,62.72
2010-11-04,62.48
2010-11-05,61.6445
2010-11-07,61.6925
2010-11-08,61.737
2010-11-09,61.112
2010-11-10,61.0675
2010-11-11,60.8145
2010-11-12,61.3285
2010-11-14,61.353
2010-11-15,61.4225
2010-11-16,61.1545
2010-11-17,60.989
2010-11-18,61.757
2010-11-19,61.9635
2010-11-21,61.807
2010-11-22,61.946
2010-11-23,60.932
2010-11-24,60.9495
2010-11-25,60.891
2010-11-26,60.679
2010-11-28,60.5415
2010-11-29,60.1225
2010-11-30,59.4485
2010-12-01,59.5315
2010-12-02,59.724
2010-12-03,60.2515
2010-12-05,60.04
2010-12-06,59.642
2010-12-07,59.463
2010-12-08,59.69
2010-12-09,59.799
2010-12-10,59.52
2010-12-12,59.493
2010-12-13,60.501
2010-12-14,60.128
2010-12-15,59.924
2010-12-16,60.1685
2010-12-17,59.5725
2010-12-19,59.423
2010-12-20,59.5125
2010-12-21,59.2115
2010-12-22,58.985
2010-12-23,59.134
2010-12-24,59.075
2010-12-26,59.0455
2010-12-27,59.4135
2010-12-28,59.0095
2010-12-29,59.426
2010-12-30,59.5635
2010-12-31,59.819
2011-01-02,60.021
2011-01-03,59.5965
2011-01-04,59.777
2011-01-05,59.6135
2011-01-06,59.011
2011-01-07,58.56
2011-01-09,58.702
2011-01-10,58.717
2011-01-11,58.5795
2011-01-12,59.116
2011-01-13,60.296
2011-01-14,60.68
2011-01-16,60.6699
2011-01-17,60.407
2011-01-18,60.8415
2011-01-19,61.0665
2011-01-20,61.5535
2011-01-21,62.148
2011-01-23,61.6554
2011-01-24,62.023
2011-01-25,62.5905
2011-01-26,62.287
2011-01-27,62.467
2011-01-28,62.52
2011-01-30,62.377
2011-01-31,62.739
2011-02-01,62.862
2011-02-02,62.9115
2011-02-03,62.1275
2011-02-04,61.927
2011-02-06,61.954
2011-02-07,61.574
2011-02-08,61.651
2011-02-09,62.499
2011-02-10,62.0975
2011-02-11,61.795
2011-02-13,61.667
2011-02-14,61.303
2011-02-15,61.386
2011-02-16,61.583
2011-02-17,61.5925
2011-02-18,61.8075
2011-02-20,61.679
2011-02-21,61.469
2011-02-22,61.686
2011-02-23,61.9665
2011-02-24,62.709
2011-02-25,62.258
2011-02-27,62.234
2011-02-28,62.4725
2011-03-01,61.792
2011-03-02,62.1455
2011-03-03,62.6725
2011-03-04,62.8045
2011-03-06,62.789
2011-03-07,62.8695
2011-03-08,62.6125
2011-03-09,62.4405
2011-03-10,62.241
2011-03-11,62.697
2011-03-13,62.725
2011-03-14,63.0575
2011-03-15,63.229
2011-03-16,62.723
2011-03-17,63.3275
2011-03-18,63.827
2011-03-20,63.792
2011-03-21,64.019
2011-03-22,63.718
2011-03-23,63.0755
2011-03-24,63.3335
2011-03-25,62.9625
2011-03-28,63.0875
2011-03-29,63.06
2011-03-30,63.049
2011-03-31,63.0925
2011-04-01,63.1785
2011-04-03,63.191
2011-04-04,63.132
2011-04-05,63.039
2011-04-06,63.162
2011-04-07,63.2285
2011-04-08,63.832
2011-04-10,63.6745
2011-04-11,64.078
2011-04-12,63.991
2011-04-13,64.305
2011-04-14,64.47
2011-04-15,63.8975
2011-04-17,63.954
2011-04-18,63.377
2011-04-19,63.637
2011-04-20,64.2805
2011-04-21,64.584
2011-04-22,64.323
2011-04-24,64.572
2011-04-25,64.82
2011-04-26,65.1465
2011-04-27,65.5185
2011-04-28,65.685
2011-04-29,65.5065
2011-05-01,65.587
2011-05-02,65.647
2011-05-03,65.9485
2011-05-04,65.7615
2011-05-05,65.0995
2011-05-06,64.0105
2011-05-08,64.13
2011-05-09,64.1925
2011-05-10,64.4685
2011-05-11,63.323
2011-05-12,64.0765
2011-05-13,63.3535
2011-05-15,63.451
2011-05-16,63.9415
2011-05-17,64.2375
2011-05-18,64.197
2011-05-19,64.375
2011-05-20,63.6265
2011-05-22,63.773
2011-05-23,63.555
2011-05-24,63.776
2011-05-25,63.849
2011-05-26,64.043
2011-05-27,64.716
2011-05-29,64.546
2011-05-30,64.397
2011-05-31,64.871
2011-06-01,64.191
2011-06-02,64.9535
2011-06-03,65.618
2011-06-05,65.471
2011-06-06,65.244
2011-06-07,65.6185
2011-06-08,65.1665
2011-06-09,64.897
2011-06-10,64.1785
2011-06-12,64.249
2011-06-13,64.6755
2011-06-14,64.627
2011-06-15,63.412
2011-06-16,63.812
2011-06-17,64.1135
2011-06-19,64.133
2011-06-20,64.3745
2011-06-21,64.6105
2011-06-22,64.393
2011-06-23,64.113
2011-06-24,63.8615
2011-06-26,63.837
2011-06-27,64.33
2011-06-28,64.716
2011-06-29,64.765
2011-06-30,64.8415
2011-07-01,64.825
2011-07-03,64.745
2011-07-04,64.6035
2011-07-05,64.084
2011-07-06,63.682
2011-07-07,63.593
2011-07-08,63.3305
2011-07-10,63.305
2011-07-11,62.43
2011-07-12,62.4935
2011-07-13,63.1475
2011-07-14,62.952
2011-07-15,63.0025
2011-07-17,63.012
2011-07-18,62.8795
2011-07-19,62.9875
2011-07-20,63.197
2011-07-21,64.0405
2011-07-22,63.669
2011-07-24,63.707
2011-07-25,63.8295
2011-07-26,64.116
2011-07-27,63.328
2011-07-28,63.171
2011-07-29,63.645
2011-07-31,63.6585
2011-08-01,62.835
2011-08-02,62.79
2011-08-03,63.481
2011-08-04,62.822
2011-08-05,63.869
2011-08-07,63.339
2011-08-08,63.754
2011-08-09,64.9695
2011-08-10,64.1445
2011-08-11,64.689
2011-08-12,64.693
2011-08-14,64.6366
2011-08-15,65.5075
2011-08-16,65.386
2011-08-17,65.5585
2011-08-18,65.5505
2011-08-19,65.7535
2011-08-21,65.802
2011-08-22,65.4295
2011-08-23,65.878
2011-08-24,66.2975
2011-08-25,66.2085
2011-08-26,66.9275
2011-08-28,66.928
2011-08-29,66.8305
2011-08-30,66.556
2011-08-31,65.8535
2011-09-01,65.132
2011-09-02,65.0395
2011-09-04,64.9815
2011-09-05,64.812
2011-09-06,64.5585
2011-09-07,65.0835
2011-09-08,64.135
2011-09-09,63.473
2011-09-11,63.6895
2011-09-12,64.566
2011-09-13,65.127
2011-09-14,65.4925
2011-09-15,66.058
2011-09-16,65.313
2011-09-18,65.0785
2011-09-19,65.4255
2011-09-20,65.869
2011-09-21,65.606
2011-09-22,66.74
2011-09-23,66.615
2011-09-25,66.628
2011-09-26,66.9255
2011-09-27,66.468
2011-09-28,66.45
2011-09-29,66.579
2011-09-30,65.618
2011-10-02,65.7115
2011-10-03,64.7375
2011-10-04,65.9705
2011-10-05,65.8605
2011-10-06,66.011
2011-10-07,65.6035
2011-10-09,66.0343
2011-10-10,66.8165
2011-10-11,67.327
2011-10-12,67.4965
2011-10-13,67.6695
2011-10-14,68.025
2011-10-16,67.774
2011-10-17,67.274
2011-10-18,67.7215
2011-10-19,67.622
2011-10-20,68.6175
2011-10-21,69.2715
2011-10-23,69.126
2011-10-24,69.3835
2011-10-25,68.8295
2011-10-26,68.8295
2011-10-27,69.521
2011-10-28,68.79
2011-10-30,68.8125
2011-10-31,67.484
2011-11-01,67.487
2011-11-02,67.612
2011-11-03,67.8965
2011-11-04,67.6005
2011-11-06,67.5765
2011-11-07,67.409
2011-11-08,68.2325
2011-11-09,67.834
2011-11-10,68.0195
2011-11-11,68.772
2011-11-13,68.796
2011-11-14,68.6995
2011-11-15,68.53
2011-11-16,68.307
2011-11-17,68.5825
2011-11-18,69.234
2011-11-20,69.2985
2011-11-21,70.28
2011-11-22,70.9375
2011-11-23,69.6725
2011-11-24,69.511
2011-11-25,69.0125
2011-11-27,69.142
2011-11-28,69.169
2011-11-29,69.1755
2011-11-30,70.06
2011-12-01,69.1515
2011-12-02,68.5
2011-12-04,68.41
2011-12-05,68.6985
2011-12-06,68.672
2011-12-07,69.236
2011-12-08,68.999
2011-12-09,69.3955
2011-12-11,69.342
2011-12-12,69.378
2011-12-13,69.2265
2011-12-14,69.5725
2011-12-15,69.654
2011-12-16,68.442
2011-12-18,68.503
2011-12-19,68.481
2011-12-20,69.031
2011-12-21,68.353
2011-12-22,68.5975
2011-12-23,68.867
2011-12-25,68.876
2011-12-26,68.839
2011-12-27,69.1665
2011-12-28,68.4215
2011-12-29,68.692
2011-12-30,68.609
2012-01-01,68.7025
2012-01-02,68.926
2012-01-03,69.2905
2012-01-04,68.4195
2012-01-05,67.5835
2012-01-06,67.0115
2012-01-08,67.035
2012-01-09,66.886
2012-01-10,65.9215
2012-01-11,65.8005
2012-01-12,66.08
2012-01-13,65.195
2012-01-15,65.2215
2012-01-16,65.0485
2012-01-17,64.714
2012-01-18,64.694
2012-01-19,65.0015
2012-01-20,64.965
2012-01-22,65.0335
2012-01-23,65.1135
2012-01-24,65.119
2012-01-25,65.558
2012-01-26,64.758
2012-01-27,65.342
2012-01-29,65.301
2012-01-30,65.1575
2012-01-31,64.748
2012-02-01,64.6655
2012-02-02,64.469
2012-02-03,63.8955
2012-02-05,63.7795
2012-02-06,64.3965
2012-02-07,65.152
2012-02-08,65.061
2012-02-09,65.6975
2012-02-10,65.066
2012-02-12,65.14
2012-02-13,64.8505
2012-02-14,64.9235
2012-02-15,64.5365
2012-02-16,64.7445
2012-02-17,64.875
2012-02-19,64.835
2012-02-20,65.0935
2012-02-21,65.1665
2012-02-22,65.126
2012-02-23,65.659
2012-02-24,65.962
2012-02-26,65.914
2012-02-27,65.8875
2012-02-28,65.943
2012-02-29,65.4515
2012-03-01,65.5425
2012-03-02,65.3655
2012-03-04,65.383
2012-03-05,65.8455
2012-03-06,66.0385
2012-03-07,66.128
2012-03-08,66.4785
2012-03-09,65.2775
2012-03-11,65.3055
2012-03-12,65.7295
2012-03-13,65.228
2012-03-14,65.054
2012-03-15,65.801
2012-03-16,66.057
2012-03-18,66.06
2012-03-19,66.427
2012-03-20,66.817
2012-03-21,66.914
2012-03-22,67.694
2012-03-23,67.9245
2012-03-25,67.766
2012-03-26,68.168
2012-03-27,67.4925
2012-03-28,67.6135
2012-03-29,68.2915
2012-03-30,67.8875
2012-04-01,67.873
2012-04-02,67.668
2012-04-03,66.911
2012-04-04,67.0845
2012-04-05,66.6815
2012-04-06,66.94
2012-04-08,66.69
2012-04-09,67.096
2012-04-10,67.353
2012-04-11,67.4705
2012-04-12,67.556
2012-04-13,67.4145
2012-04-15,67.415
2012-04-16,67.817
2012-04-17,67.4715
2012-04-18,67.875
2012-04-19,68.429
2012-04-20,68.8615
2012-04-22,68.835
2012-04-23,68.897
2012-04-24,69.3925
2012-04-25,69.3675
2012-04-26,69.226
2012-04-27,69.646
2012-04-29,69.641
2012-04-30,69.734
2012-05-01,69.5035
2012-05-02,69.6965
2012-05-03,70.1435
2012-05-04,69.964
2012-05-06,70.001
2012-05-07,68.9865
2012-05-08,69.076
2012-05-09,69.519
2012-05-10,68.8945
2012-05-11,69.2805
2012-05-13,69.189
2012-05-14,69.164
2012-05-15,68.492
2012-05-16,69.102
2012-05-17,68.999
2012-05-18,69.5715
2012-05-20,69.58
2012-05-21,70.446
2012-05-22,70.1665
2012-05-23,70.4285
2012-05-24,69.6555
2012-05-25,69.3125
2012-05-27,69.3165
2012-05-28,69.2195
2012-05-29,69.5195
2012-05-30,69.448
2012-05-31,69.257
2012-06-01,69.0675
2012-06-03,69.062
2012-06-04,69.555
2012-06-05,69.182
2012-06-06,69.4855
2012-06-07,69.033
2012-06-08,69.378
2012-06-10,69.378
2012-06-11,69.472
2012-06-12,69.8235
2012-06-13,69.807
2012-06-14,70.3785
2012-06-15,70.008
2012-06-17,70.021
2012-06-18,70.2285
2012-06-19,70.9015
2012-06-20,71.336
2012-06-21,70.567
2012-06-22,71.806
2012-06-24,71.776
2012-06-25,71.232
2012-06-26,71.155
2012-06-27,70.9475
2012-06-28,70.682
2012-06-29,70.2755
2012-07-01,70.2785
2012-07-02,69.7055
2012-07-03,68.3555
2012-07-04,68.3175
2012-07-05,68.1125
2012-07-06,68.0905
2012-07-08,68.094
2012-07-09,68.799
2012-07-10,67.873
2012-07-11,67.966
2012-07-12,68.125
2012-07-13,67.561
2012-07-15,67.5155
2012-07-16,67.5525
2012-07-17,67.6495
2012-07-18,67.955
2012-07-19,67.752
2012-07-20,67.253
2012-07-22,67.259
2012-07-23,67.7955
2012-07-24,67.7755
2012-07-25,68.076
2012-07-26,68.1595
2012-07-27,68.088
2012-07-29,68.066
2012-07-30,67.972
2012-07-31,68.35
2012-08-01,67.8405
2012-08-02,68.039
2012-08-03,69.072
2012-08-05,69.064
2012-08-06,68.84
2012-08-07,68.2645
2012-08-08,68.3435
2012-08-09,67.899
2012-08-10,67.9595
2012-08-12,67.937
2012-08-13,68.254
2012-08-14,68.5115
2012-08-15,68.241
2012-08-16,68.7245
2012-08-17,68.6565
2012-08-19,68.771
2012-08-20,68.5375
2012-08-21,69.049
2012-08-22,69.5165
2012-08-23,69.424
2012-08-24,69.4505
2012-08-26,69.4515
2012-08-27,69.616
2012-08-28,69.9405
2012-08-29,69.8015
2012-08-30,69.5855
2012-08-31,69.8505
2012-09-02,69.814
2012-09-03,69.9185
2012-09-04,69.886
2012-09-05,70.466
2012-09-06,70.319
2012-09-07,70.975
2012-09-09,70.956
2012-09-10,70.7255
2012-09-11,71.0165
2012-09-12,71.227
2012-09-13,71.8655
2012-09-14,71.294
2012-09-16,71.3205
2012-09-17,70.676
2012-09-18,70.311
2012-09-19,70.489
2012-09-20,70.3655
2012-09-21,69.2495
2012-09-23,69.27
2012-09-24,69.1035
2012-09-25,68.8435
2012-09-26,68.9895
2012-09-27,68.3615
2012-09-28,67.9505
2012-09-30,68.1597
2012-10-01,67.5045
2012-10-02,67.742
2012-10-03,67.4315
2012-10-04,67.3745
2012-10-05,67.666
2012-10-07,67.69
2012-10-08,68.1325
2012-10-09,67.85
2012-10-10,68.247
2012-10-11,68.096
2012-10-12,68.4125
2012-10-14,68.4055
2012-10-15,68.5915
2012-10-16,69.1185
2012-10-17,69.327
2012-10-18,70.03
2012-10-19,70.13
2012-10-21,70.12
2012-10-22,69.9655
2012-10-23,69.759
2012-10-24,69.6985
2012-10-25,69.2735
2012-10-26,69.3295
2012-10-28,69.311
2012-10-29,69.794
2012-10-30,69.9415
2012-10-31,69.731
2012-11-01,69.452
2012-11-02,69.077
2012-11-04,69.077
2012-11-05,69.8295
2012-11-06,69.74
2012-11-07,69.2225
2012-11-08,69.3585
2012-11-09,69.404
2012-11-11,69.5
2012-11-12,69.8635
2012-11-13,69.8885
2012-11-14,70.0905
2012-11-15,69.841
2012-11-16,70.2775
2012-11-18,70.266
2012-11-19,70.4395
2012-11-20,70.631
2012-11-21,70.6905
2012-11-22,71.0315
2012-11-23,71.9325
2012-11-25,71.955
2012-11-26,72.169
2012-11-27,71.61
2012-11-28,72.0805
2012-11-29,71.0045
2012-11-30,70.58
2012-12-02,70.5725
2012-12-03,71.3435
2012-12-04,71.6915
2012-12-05,71.1655
2012-12-06,70.3345
2012-12-07,70.2545
2012-12-09,70.249
2012-12-10,70.365
2012-12-11,70.6415
2012-12-12,70.754
2012-12-13,71.2865
2012-12-14,71.6525
2012-12-16,71.0
2012-12-17,72.032
2012-12-18,72.6325
2012-12-19,72.392
2012-12-20,72.671
2012-12-21,72.606
2012-12-23,72.612
2012-12-24,72.483
2012-12-25,72.559
2012-12-26,72.535
2012-12-27,72.7415
2012-12-28,72.401
2012-12-30,72.408
2012-12-31,72.403
2013-01-01,72.1375
2013-01-02,71.5235
2013-01-03,71.087
2013-01-04,71.815
2013-01-06,71.788
2013-01-07,72.417
2013-01-08,71.9245
2013-01-09,71.636
2013-01-10,72.1325
2013-01-11,73.2005
2013-01-13,73.223
2013-01-14,72.941
2013-01-15,72.649
2013-01-16,72.6495
2013-01-17,72.705
2013-01-18,71.5585
2013-01-20,71.588
2013-01-21,71.572
2013-01-22,71.5615
2013-01-23,71.466
2013-01-24,71.832
2013-01-25,72.396
2013-01-27,72.421
2013-01-28,72.7255
2013-01-29,72.399
2013-01-30,72.2295
2013-01-31,72.358
2013-02-01,72.5745
2013-02-03,72.543
2013-02-04,72.093
2013-02-05,72.019
2013-02-06,71.7435
2013-02-07,71.3085
2013-02-08,71.627
2013-02-10,71.627
2013-02-11,72.359
2013-02-12,72.346
2013-02-13,72.373
2013-02-14,72.1045
2013-02-15,72.6055
2013-02-17,72.597
2013-02-18,72.4385
2013-02-19,72.4695
2013-02-20,71.9975
2013-02-21,71.839
2013-02-22,71.5655
2013-02-24,71.57
2013-02-25,70.5645
2013-02-26,70.655
2013-02-27,70.6145
2013-02-28,71.0425
2013-03-01,71.4945
2013-03-03,71.5575
2013-03-04,71.566
2013-03-05,71.572
2013-03-06,71.1955
2013-03-07,71.3645
2013-03-08,70.6495
2013-03-10,70.688
2013-03-11,70.8895
2013-03-12,70.573
2013-03-13,70.499
2013-03-14,70.457
2013-03-15,70.6635
2013-03-17,70.6375
2013-03-18,70.058
2013-03-19,70.158
2013-03-20,70.2625
2013-03-21,70.254
2013-03-22,70.587
2013-03-24,70.587
2013-03-25,69.808
2013-03-26,70.0315
2013-03-27,69.5615
2013-03-28,69.5825
2013-03-29,69.596
2013-03-31,69.569
2013-04-01,69.5785
2013-04-02,69.7685
2013-04-03,70.0305
2013-04-04,70.992
2013-04-05,71.201
2013-04-07,70.9405
2013-04-08,71.0965
2013-04-09,71.2705
2013-04-10,71.1215
2013-04-11,71.167
2013-04-12,71.4675
2013-04-14,71.492
2013-04-15,71.1685
2013-04-16,71.13
2013-04-17,70.6045
2013-04-18,70.5095
2013-04-19,70.4025
2013-04-21,70.389
2013-04-22,70.8365
2013-04-23,70.6
2013-04-24,70.6275
2013-04-25,70.407
2013-04-26,70.849
2013-04-28,70.8605
2013-04-29,70.993
2013-04-30,70.687
2013-05-01,70.728
2013-05-02,70.3325
2013-05-03,70.572
2013-05-05,70.587
2013-05-06,70.7865
2013-05-07,70.709
2013-05-08,71.135
2013-05-09,70.911
2013-05-10,71.2145
2013-05-12,71.1685
2013-05-13,71.151
2013-05-14,70.808
2013-05-15,70.6015
2013-05-16,70.574
2013-05-17,70.4795
2013-05-19,70.48
2013-05-20,70.911
2013-05-21,71.5475
2013-05-22,71.568
2013-05-23,72.073
2013-05-24,72.184
2013-05-26,72.1865
2013-05-27,71.8605
2013-05-28,72.1385
2013-05-29,72.8645
2013-05-30,73.5825
2013-05-31,73.5485
2013-06-02,73.3881
2013-06-03,74.1085
2013-06-04,73.8985
2013-06-05,74.446
2013-06-06,75.4125
2013-06-07,75.4575
2013-06-09,75.358
2013-06-10,77.0965
2013-06-11,77.68
2013-06-12,77.1375
2013-06-13,77.582
2013-06-14,76.752
2013-06-16,76.77
2013-06-17,77.684
2013-06-18,78.817
2013-06-19,78.0685
2013-06-20,78.7585
2013-06-21,77.7865
2013-06-23,77.675
2013-06-24,78.4685
2013-06-25,78.0565
2013-06-26,79.0085
2013-06-27,78.4795
2013-06-28,77.4525
2013-06-30,77.4705
2013-07-01,77.581
2013-07-02,77.2935
2013-07-03,78.354
2013-07-04,77.5775
2013-07-05,77.284
2013-07-07,77.2565
2013-07-08,78.1145
2013-07-09,76.8165
2013-07-10,77.7345
2013-07-11,78.3615
2013-07-12,78.266
2013-07-14,78.26
2013-07-15,78.1335
2013-07-16,78.051
2013-07-17,77.871
2013-07-18,78.3255
2013-07-19,77.9875
2013-07-21,77.997
2013-07-22,78.7505
2013-07-23,79.0235
2013-07-24,78.2195
2013-07-25,78.288
2013-07-26,78.4065
2013-07-28,78.499
2013-07-29,78.985
2013-07-30,80.659
2013-07-31,80.9525
2013-08-01,79.988
2013-08-02,81.163
2013-08-04,81.16
2013-08-05,80.6915
2013-08-06,80.8905
2013-08-07,81.6355
2013-08-08,81.2645
2013-08-09,80.9645
2013-08-11,80.4
2013-08-12,81.2995
2013-08-13,81.3485
2013-08-14,81.238
2013-08-15,81.987
2013-08-16,82.196
2013-08-18,83.2935
2013-08-19,84.197
2013-08-20,84.6945
2013-08-21,85.638
2013-08-22,86.2195
2013-08-23,84.581
2013-08-25,85.768
2013-08-26,85.9595
2013-08-27,88.809
2013-08-28,91.7825
2013-08-29,88.1255
2013-08-30,86.882
2013-09-01,87.9585
2013-09-02,87.074
2013-09-03,89.0755
2013-09-04,88.5895
2013-09-05,86.612
2013-09-06,85.993
2013-09-08,85.9285
2013-09-09,86.482
2013-09-10,84.713
2013-09-11,84.2285
2013-09-12,84.3555
2013-09-13,84.2575
2013-09-15,84.5515
2013-09-16,83.784
2013-09-17,84.6625
2013-09-18,85.709
2013-09-19,83.582
2013-09-20,84.1665
2013-09-22,84.892
2013-09-23,84.473
2013-09-24,84.6
2013-09-25,84.463
2013-09-26,83.733
2013-09-27,84.5325
2013-09-29,84.903
2013-09-30,84.659
2013-10-01,84.4835
2013-10-02,84.8115
2013-10-03,84.071
2013-10-04,83.2935
2013-10-06,83.293
2013-10-07,83.93
2013-10-08,84.0915
2013-10-09,83.6955
2013-10-10,82.9585
2013-10-11,82.6335
2013-10-13,82.7455
2013-10-14,83.478
2013-10-15,83.629
2013-10-16,83.5555
2013-10-17,83.612
2013-10-18,83.816
2013-10-20,83.79
2013-10-21,84.257
2013-10-22,84.97
2013-10-23,84.905
2013-10-24,84.8285
2013-10-25,84.8525
2013-10-27,84.827
2013-10-28,84.699
2013-10-29,84.4385
2013-10-30,84.1465
2013-10-31,83.713
2013-11-01,83.285
2013-11-03,83.9385
2013-11-04,83.458
2013-11-05,83.0505
2013-11-06,84.318
2013-11-07,83.7645
2013-11-08,83.545
2013-11-10,84.567
2013-11-11,84.786
2013-11-12,85.614
2013-11-13,85.383
2013-11-14,84.9565
2013-11-15,84.9945
2013-11-17,84.5595
2013-11-18,84.298
2013-11-19,84.446
2013-11-20,84.1045
2013-11-21,84.8555
2013-11-22,85.0565
2013-11-24,84.689
2013-11-25,84.492
2013-11-26,84.8385
2013-11-27,84.3935
2013-11-28,84.738
2013-11-29,84.803
2013-12-01,84.9015
2013-12-02,84.3975
2013-12-03,84.7575
2013-12-04,84.3615
2013-12-05,84.415
2013-12-06,84.2
2013-12-08,83.8285
2013-12-09,83.997
2013-12-10,84.011
2013-12-11,84.443
2013-12-12,85.033
2013-12-13,85.4745
2013-12-15,85.469
2013-12-16,84.96
2013-12-17,85.389
2013-12-18,84.984
2013-12-19,84.9155
2013-12-20,84.7635
2013-12-22,84.8405
2013-12-23,84.8645
2013-12-24,84.5055
2013-12-25,84.542
2013-12-26,85.12
2013-12-27,85.118
2013-12-29,85.1405
2013-12-30,85.4775
2013-12-31,84.964
2014-01-01,85.151
2014-01-02,85.1355
2014-01-03,84.507
2014-01-05,84.6215
2014-01-06,84.923
2014-01-07,84.8345
2014-01-08,84.3925
2014-01-09,84.493
2014-01-10,84.6245
2014-01-12,84.0015
2014-01-13,84.117
2014-01-14,84.115
2014-01-15,83.78
2014-01-16,83.83
2014-01-17,83.338
2014-01-19,83.3315
2014-01-20,83.514
2014-01-21,83.9255
2014-01-22,83.751
2014-01-23,84.817
2014-01-24,85.751
2014-01-26,85.883
2014-01-27,86.2775
2014-01-28,85.534
2014-01-29,85.3595
2014-01-30,84.813
2014-01-31,84.5435
2014-02-02,84.2915
2014-02-03,84.619
2014-02-04,84.5375
2014-02-05,84.726
2014-02-06,84.774
2014-02-07,84.953
2014-02-09,84.592
2014-02-10,85.229
2014-02-11,84.8655
2014-02-12,84.415
2014-02-13,85.4035
2014-02-14,84.695
2014-02-16,84.708
2014-02-17,84.777
2014-02-18,85.547
2014-02-19,85.474
2014-02-20,85.384
2014-02-21,85.3775
2014-02-23,85.192
2014-02-24,85.26
2014-02-25,85.2015
2014-02-26,84.845
2014-02-27,84.989
2014-02-28,85.293
2014-03-02,85.212
2014-03-03,85.219
2014-03-04,85.079
2014-03-05,84.805
2014-03-06,84.7085
2014-03-07,84.774
2014-03-09,85.001
2014-03-10,84.435
2014-03-11,84.467
2014-03-12,85.117
2014-03-13,84.844
2014-03-14,85.164
2014-03-16,85.156
2014-03-17,85.0495
2014-03-18,85.158
2014-03-19,84.347
2014-03-20,84.52
2014-03-21,84.0025
2014-03-23,84.189
2014-03-24,84.113
2014-03-25,83.633
2014-03-26,82.898
2014-03-27,82.78
2014-03-28,82.3665
2014-03-30,82.2825
2014-03-31,82.6465
2014-04-01,82.7815
2014-04-02,82.474
2014-04-03,82.553
2014-04-04,82.3345
2014-04-06,82.029
2014-04-07,82.604
2014-04-08,82.9
2014-04-09,83.334
2014-04-10,83.432
2014-04-11,83.56
2014-04-13,83.57
2014-04-14,83.275
2014-04-15,83.209
2014-04-16,83.414
2014-04-17,83.2975
2014-04-18,83.298
2014-04-20,83.3545
2014-04-21,83.576
2014-04-22,83.886
2014-04-23,84.415
2014-04-24,84.5305
2014-04-25,83.89
2014-04-27,83.9335
2014-04-28,84.0
2014-04-29,83.459
2014-04-30,83.683
2014-05-01,83.5915
2014-05-02,83.4795
2014-05-04,83.271
2014-05-05,83.589
2014-05-06,83.541
2014-05-07,83.507
2014-05-08,82.9075
2014-05-09,82.509
2014-05-11,82.3535
2014-05-12,82.618
2014-05-13,81.4935
2014-05-14,81.5835
2014-05-15,81.5325
2014-05-16,80.229
2014-05-18,80.229
2014-05-19,80.0265
2014-05-20,80.2855
2014-05-21,80.336
2014-05-22,79.594
2014-05-23,79.793
2014-05-25,79.6275
2014-05-26,80.1225
2014-05-27,80.5045
2014-05-28,80.1125
2014-05-29,80.143
2014-05-30,80.6885
2014-06-01,80.647
2014-06-02,80.4305
2014-06-03,80.8655
2014-06-04,80.615
2014-06-05,80.9495
2014-06-06,80.7295
2014-06-08,80.766
2014-06-09,80.4835
2014-06-10,80.2275
2014-06-11,80.3045
2014-06-12,80.3625
2014-06-13,80.8625
2014-06-15,80.802
2014-06-16,81.6985
2014-06-17,81.723
2014-06-18,81.9805
2014-06-19,81.78
2014-06-20,81.835
2014-06-22,81.835
2014-06-23,81.8445
2014-06-24,81.8505
2014-06-25,81.8955
2014-06-26,81.9545
2014-06-27,81.9555
2014-06-29,81.955
2014-06-30,82.2345
2014-07-01,82.1595
2014-07-02,81.543
2014-07-03,81.312
2014-07-04,81.199
2014-07-06,81.199
2014-07-07,81.5715
2014-07-08,81.3445
2014-07-09,81.5495
2014-07-10,81.9255
2014-07-11,81.7835
2014-07-13,81.7625
2014-07-14,81.8905
2014-07-15,81.6015
2014-07-16,81.322
2014-07-17,81.412
2014-07-18,81.5325
2014-07-20,81.574
2014-07-21,81.4725
2014-07-22,80.9345
2014-07-23,80.817
2014-07-24,80.9525
2014-07-25,80.6695
2014-07-27,80.681
2014-07-28,80.764
2014-07-29,80.634
2014-07-30,80.469
2014-07-31,81.077
2014-08-01,82.2145
2014-08-03,82.188
2014-08-04,81.8005
2014-08-05,81.393
2014-08-06,82.302
2014-08-07,81.845
2014-08-08,82.0015
2014-08-10,81.984
2014-08-11,81.886
2014-08-12,81.6675
2014-08-13,81.6505
2014-08-14,81.2095
2014-08-15,81.439
2014-08-17,81.445
2014-08-18,81.22
2014-08-19,80.819
2014-08-20,80.3785
2014-08-21,80.5885
2014-08-22,80.0835
2014-08-24,79.797
2014-08-25,79.907
2014-08-26,79.587
2014-08-27,79.7585
2014-08-28,79.7575
2014-08-29,79.478
2014-08-31,79.486
2014-09-01,79.4635
2014-09-02,79.6975
2014-09-03,79.5505
2014-09-04,78.1365
2014-09-05,78.2145
2014-09-07,78.2315
2014-09-08,77.7365
2014-09-09,78.4075
2014-09-10,78.703
2014-09-11,78.7585
2014-09-12,78.6395
2014-09-14,78.4859
2014-09-15,79.079
2014-09-16,79.1335
2014-09-17,78.3705
2014-09-18,78.4945
2014-09-19,78.077
2014-09-21,78.0775
2014-09-22,78.3145
2014-09-23,78.4375
2014-09-24,77.8875
2014-09-25,78.2055
2014-09-26,77.5595
2014-09-28,77.5565
2014-09-29,78.089
2014-09-30,78.2425
2014-10-01,77.922
2014-10-02,77.9685
2014-10-03,77.036
2014-10-05,77.018
2014-10-06,77.882
2014-10-07,77.6705
2014-10-08,78.136
2014-10-09,77.482
2014-10-10,77.391
2014-10-12,77.3915
2014-10-13,77.806
2014-10-14,77.726
2014-10-15,78.7935
2014-10-16,79.214
2014-10-17,78.317
2014-10-19,78.2285
2014-10-20,78.3745
2014-10-21,77.7555
2014-10-22,77.412
2014-10-23,77.359
2014-10-24,77.5055
2014-10-26,77.5065
2014-10-27,77.848
2014-10-28,77.92
2014-10-29,77.4245
2014-10-30,77.494
2014-10-31,76.907
2014-11-02,77.2016
2014-11-03,76.6675
2014-11-04,77.023
2014-11-05,76.708
2014-11-06,76.1065
2014-11-07,76.62
2014-11-09,76.4044
2014-11-10,76.3705
2014-11-11,76.74
2014-11-12,76.3445
2014-11-13,76.8555
2014-11-14,77.289
2014-11-16,77.2985
2014-11-17,76.9785
2014-11-18,77.3845
2014-11-19,77.766
2014-11-20,77.657
2014-11-21,76.533
2014-11-23,76.5365
2014-11-24,76.9695
2014-11-25,77.1735
2014-11-26,77.281
2014-11-27,77.121
2014-11-28,77.464
2014-11-30,77.4261
2014-12-01,77.258
2014-12-02,76.5205
2014-12-03,76.1595
2014-12-04,76.49
2014-12-05,76.0695
2014-12-07,76.073
2014-12-08,76.1495
2014-12-09,76.5765
2014-12-10,77.3205
2014-12-11,77.544
2014-12-12,77.919
2014-12-14,77.9255
2014-12-15,78.574
2014-12-16,79.6485
2014-12-17,78.409
2014-12-18,77.3895
2014-12-19,77.339
2014-12-21,77.401
2014-12-22,77.3335
2014-12-23,77.2225
2014-12-24,77.4595
2014-12-25,77.6375
2014-12-26,77.397
2014-12-28,77.5785
2014-12-29,77.3715
2014-12-30,77.0605
2014-12-31,76.2625
2015-01-01,76.685
2015-01-02,75.958
2015-01-04,75.958
2015-01-05,75.593
2015-01-06,75.5845
2015-01-07,74.917
2015-01-08,73.9095
2015-01-09,73.8375
2015-01-11,73.847
2015-01-12,73.453
2015-01-13,72.966
2015-01-14,73.207
2015-01-15,72.1845
2015-01-16,71.5805
2015-01-18,71.531
2015-01-19,71.545
2015-01-20,71.215
2015-01-21,71.474
2015-01-22,70.0235
2015-01-23,68.862
2015-01-25,68.862
2015-01-26,69.097
2015-01-27,69.8905
2015-01-28,69.261
2015-01-29,69.9585
2015-01-30,70.0115
2015-02-01,69.9895
2015-02-02,70.0015
2015-02-03,70.718
2015-02-04,70.169
2015-02-05,70.823
2015-02-06,70.122
2015-02-08,70.1135
2015-02-09,70.3805
2015-02-10,70.5605
2015-02-11,70.7005
2015-02-12,70.8695
2015-02-13,70.6765
2015-02-15,70.6495
2015-02-16,70.517
2015-02-17,70.933
2015-02-18,70.729
2015-02-19,70.6295
2015-02-20,70.683
2015-02-22,70.683
2015-02-23,70.446
2015-02-24,70.507
2015-02-25,70.2845
2015-02-26,69.126
2015-02-27,69.0305
2015-03-01,69.03
2015-03-02,69.1895
2015-03-03,69.0885
2015-03-04,69.0325
2015-03-05,68.8095
2015-03-06,67.735
2015-03-08,67.732
2015-03-09,67.973
2015-03-10,67.098
2015-03-11,66.215
2015-03-12,66.517
2015-03-13,66.2065
2015-03-15,66.212
2015-03-16,66.3495
2015-03-17,66.3715
2015-03-18,68.134
2015-03-19,66.614
2015-03-20,67.54
2015-03-22,67.534
2015-03-23,68.12
2015-03-24,68.1245
2015-03-25,68.4755
2015-03-26,68.3905
2015-03-27,68.078
2015-03-29,68.087
2015-03-30,67.717
2015-03-31,66.845
2015-04-01,66.889
2015-04-02,67.5505
2015-04-03,68.0195
2015-04-05,68.113
2015-04-06,67.9525
2015-04-07,67.37
2015-04-08,67.051
2015-04-09,66.415
2015-04-10,66.037
2015-04-12,66.032
2015-04-13,65.948
2015-04-14,66.337
2015-04-15,66.641
2015-04-16,67.063
2015-04-17,67.598
2015-04-19,67.592
2015-04-20,67.8065
2015-04-21,67.4775
2015-04-22,67.556
2015-04-23,68.5065
2015-04-24,69.2265
2015-04-26,69.198
2015-04-27,68.9745
2015-04-28,69.2425
2015-04-29,70.6405
2015-04-30,71.309
2015-05-01,71.3755
2015-05-03,71.299
2015-05-04,70.7945
2015-05-05,70.8845
2015-05-06,72.228
2015-05-07,72.1875
2015-05-08,71.385
2015-05-10,71.401
2015-05-11,71.4
2015-05-12,71.9375
2015-05-13,72.703
2015-05-14,72.32
2015-05-15,72.655
2015-05-17,72.636
2015-05-18,72.089
2015-05-19,71.093
2015-05-20,70.5495
2015-05-21,70.653
2015-05-22,69.95
2015-05-24,69.95
2015-05-25,69.703
2015-05-26,69.56
2015-05-27,69.6025
2015-05-28,69.8175
2015-05-29,70.041
2015-05-31,70.041
2015-06-01,69.492
2015-06-02,71.042
2015-06-03,72.1405
2015-06-04,71.886
2015-06-05,70.867
2015-06-07,70.873
2015-06-08,72.202
2015-06-09,72.2255
2015-06-10,72.225
2015-06-11,72.0055
2015-06-12,72.237
2015-06-14,72.234
2015-06-15,72.3095
2015-06-16,72.1705
2015-06-17,72.5715
2015-06-18,72.223
2015-06-19,72.092
2015-06-21,72.092
2015-06-22,72.042
2015-06-23,71.0485
2015-06-24,71.1805
2015-06-25,71.169
2015-06-26,70.851
2015-06-28,70.883
2015-06-29,71.5815
2015-06-30,70.839
2015-07-01,70.245
2015-07-02,70.1635
2015-07-03,70.4755
2015-07-05,70.475
2015-07-06,69.951
2015-07-07,69.903
2015-07-08,70.3065
2015-07-09,69.894
2015-07-10,70.736
2015-07-12,70.743
2015-07-13,69.8175
2015-07-14,69.682
2015-07-15,69.5305
2015-07-16,69.0185
2015-07-17,68.752
2015-07-19,68.755
2015-07-20,68.8595
2015-07-21,69.5405
2015-07-22,69.5055
2015-07-23,70.2015
2015-07-24,70.414
2015-07-26,70.427
2015-07-27,71.223
2015-07-28,70.5615
2015-07-29,70.114
2015-07-30,70.1215
2015-07-31,70.31
2015-08-02,70.3
2015-08-03,70.2765
2015-08-04,69.425
2015-08-05,69.4625
2015-08-06,69.6165
2015-08-07,69.9125
2015-08-09,69.916
2015-08-10,70.2745
2015-08-11,71.026
2015-08-12,72.3555
2015-08-13,72.6945
2015-08-14,72.335
2015-08-16,72.351
2015-08-17,72.4905
2015-08-18,72.1365
2015-08-19,72.3985
2015-08-20,73.5565
2015-08-21,75.209
2015-08-23,75.229
2015-08-24,77.6515
2015-08-25,76.3385
2015-08-26,74.6835
2015-08-27,74.1845
2015-08-28,73.9525
2015-08-30,73.982
2015-08-31,74.4785
2015-09-01,75.1095
2015-09-02,74.325
2015-09-03,73.5265
2015-09-04,74.334
2015-09-06,74.347
2015-09-07,74.6945
2015-09-08,74.2455
2015-09-09,74.6465
2015-09-10,74.7815
2015-09-11,75.114
2015-09-13,75.097
2015-09-14,75.011
2015-09-15,74.8625
2015-09-16,74.7575
2015-09-17,75.5625
2015-09-18,74.4675
2015-09-20,74.481
2015-09-21,73.505
2015-09-22,73.291
2015-09-23,74.037
2015-09-24,74.241
2015-09-25,74.0735
2015-09-27,74.074
2015-09-28,74.521
2015-09-29,74.0605
2015-09-30,73.228
2015-10-01,73.48
2015-10-02,73.2705
2015-10-04,73.277
2015-10-05,72.8555
2015-10-06,73.41
2015-10-07,72.9255
2015-10-08,73.109
2015-10-09,73.577
2015-10-11,73.577
2015-10-12,73.578
2015-10-13,74.0885
2015-10-14,74.2745
2015-10-15,73.738
2015-10-16,73.4155
2015-10-18,73.448
2015-10-19,73.5175
2015-10-20,73.7825
2015-10-21,73.869
2015-10-22,72.0365
2015-10-23,71.4955
2015-10-25,71.495
2015-10-26,71.7795
2015-10-27,71.939
2015-10-28,70.9325
2015-10-29,71.84
2015-10-30,72.001
2015-11-01,72.021
2015-11-02,72.2325
2015-11-03,71.913
2015-11-04,71.291
2015-11-05,71.682
2015-11-06,71.041
2015-11-08,71.041
2015-11-09,71.457
2015-11-10,70.99
2015-11-11,70.9855
2015-11-12,71.455
2015-11-13,71.208
2015-11-15,71.215
2015-11-16,70.4085
2015-11-17,70.2335
2015-11-18,70.3875
2015-11-19,70.941
2015-11-20,70.3255
2015-11-22,70.7025
2015-11-23,70.618
2015-11-24,70.5095
2015-11-25,70.526
2015-11-26,70.6255
2015-11-27,70.875
2015-11-29,70.875
2015-11-30,70.2145
2015-12-01,70.629
2015-12-02,70.686
2015-12-03,73.0515
2015-12-04,72.5505
2015-12-06,72.538
2015-12-07,72.3515
2015-12-08,72.831
2015-12-09,73.711
2015-12-10,73.035
2015-12-11,73.793
2015-12-13,73.4315
2015-12-14,73.7485
2015-12-15,73.0645
2015-12-16,72.5415
2015-12-17,71.904
2015-12-18,72.006
2015-12-20,71.986
2015-12-21,72.3095
2015-12-22,72.5665
2015-12-23,72.043
2015-12-24,72.3405
2015-12-25,72.4765
2015-12-27,72.2702
2015-12-28,72.539
2015-12-29,72.3125
2015-12-30,72.674
2015-12-31,71.9055
2016-01-01,71.931
2016-01-03,72.0666
2016-01-04,72.1155
2016-01-05,71.4535
2016-01-06,71.9075
2016-01-07,73.149
2016-01-08,73.074
2016-01-10,72.475
2016-01-11,72.5015
2016-01-12,72.6905
2016-01-13,72.7865
2016-01-14,73.142
2016-01-15,73.9895
2016-01-17,73.7889
2016-01-18,73.7
2016-01-19,73.8875
2016-01-20,74.0125
2016-01-21,73.7255
2016-01-22,72.9325
2016-01-24,73.235
2016-01-25,73.5075
2016-01-26,73.643
2016-01-27,74.2285
2016-01-28,74.4425
2016-01-29,73.5555
2016-01-31,74.0313
2016-02-01,73.862
2016-02-02,74.2215
2016-02-03,75.4345
2016-02-04,75.704
2016-02-05,75.6685
2016-02-07,75.669
2016-02-08,76.181
2016-02-09,76.68
2016-02-10,76.615
2016-02-11,77.536
2016-02-12,76.7045
2016-02-14,76.9189
2016-02-15,76.0005
2016-02-16,76.307
2016-02-17,76.036
2016-02-18,76.1295
2016-02-19,76.3215
2016-02-21,76.321
2016-02-22,75.5885
2016-02-23,75.558
2016-02-24,75.3635
2016-02-25,75.806
2016-02-26,75.1575
2016-02-28,75.7189
2016-02-29,74.1625
2016-03-01,73.6275
2016-03-02,73.2455
2016-03-03,73.5555
2016-03-04,73.658
2016-03-06,73.6618
2016-03-07,73.7815
2016-03-08,74.097
2016-03-09,73.8695
2016-03-10,75.246
2016-03-11,74.6235
2016-03-13,74.496
2016-03-14,74.5635
2016-03-15,74.843
2016-03-16,75.4015
2016-03-17,75.4065
2016-03-18,74.8145
2016-03-20,74.808
2016-03-21,74.7525
2016-03-22,74.8795
2016-03-23,74.855
2016-03-24,74.7715
2016-03-25,74.6215
2016-03-27,74.804
2016-03-28,74.5745
2016-03-29,74.9445
2016-03-30,75.256
2016-03-31,75.398
2016-04-01,75.577
2016-04-03,75.59
2016-04-04,75.308
2016-04-05,75.6145
2016-04-06,75.823
2016-04-07,75.949
2016-04-08,75.878
2016-04-10,75.875
2016-04-11,75.6205
2016-04-12,75.4695
2016-04-13,74.968
2016-04-14,75.0415
2016-04-15,75.213
2016-04-17,75.213
2016-04-18,75.1435
2016-04-19,75.1325
2016-04-20,74.7475
2016-04-21,75.0535
2016-04-22,74.8825
2016-04-24,74.843
2016-04-25,75.1405
2016-04-26,75.0265
2016-04-27,75.132
2016-04-28,75.385
2016-04-29,76.0965
2016-05-01,76.07
2016-05-02,76.524
2016-05-03,76.522
2016-05-04,76.534
2016-05-05,75.909
2016-05-06,75.9575
2016-05-08,75.958
2016-05-09,75.9835
2016-05-10,75.773
2016-05-11,76.0425
2016-05-12,75.949
2016-05-13,75.593
2016-05-15,75.606
2016-05-16,75.664
2016-05-17,75.6055
2016-05-18,75.3115
2016-05-19,75.5485
2016-05-20,75.659
2016-05-22,75.68
2016-05-23,75.6265
2016-05-24,75.347
2016-05-25,75.043
2016-05-26,74.9175
2016-05-27,74.505
2016-05-29,74.505
2016-05-30,74.872
2016-05-31,74.8165
2016-06-01,75.4515
2016-06-02,75.0105
2016-06-03,76.1585
2016-06-05,76.158
2016-06-06,75.8365
2016-06-07,75.7105
2016-06-08,75.77
2016-06-09,75.5375
2016-06-10,75.328
2016-06-12,75.328
2016-06-13,75.867
2016-06-14,75.4215
2016-06-15,75.527
2016-06-16,75.5675
2016-06-17,75.639
2016-06-19,75.639
2016-06-20,76.427
2016-06-21,76.019
2016-06-22,76.1975
2016-06-23,76.621
2016-06-24,75.4675
2016-06-26,75.0185
2016-06-27,74.865
2016-06-28,74.937
2016-06-29,75.0065
2016-06-30,74.966
2016-07-01,74.8225
2016-07-03,74.823
2016-07-04,75.0375
2016-07-05,74.69
2016-07-06,74.8225
2016-07-07,74.67
2016-07-08,74.219
2016-07-10,74.5245
2016-07-11,74.2405
2016-07-12,74.071
2016-07-13,74.3205
2016-07-14,74.3295
2016-07-15,74.0965
2016-07-17,74.08
2016-07-18,74.347
2016-07-19,74.0725
2016-07-20,73.9805
2016-07-21,74.0365
2016-07-22,73.705
2016-07-24,73.705
2016-07-25,74.113
2016-07-26,73.969
2016-07-27,74.1715
2016-07-28,74.221
2016-07-29,74.4805
2016-07-31,74.426
2016-08-01,74.5255
2016-08-02,74.867
2016-08-03,74.4385
2016-08-04,74.3865
2016-08-05,74.0975
2016-08-07,74.4158
2016-08-08,74.109
2016-08-09,74.25
2016-08-10,74.62
2016-08-11,74.3405
2016-08-12,74.6755
2016-08-14,74.696
2016-08-15,74.768
2016-08-16,75.423
2016-08-17,75.512
2016-08-18,75.8785
2016-08-19,76.0395
2016-08-21,76.04
2016-08-22,76.063
2016-08-23,75.878
2016-08-24,75.654
2016-08-25,75.614
2016-08-26,75.1795
2016-08-28,75.7011
2016-08-29,75.093
2016-08-30,74.819
2016-08-31,74.7355
2016-09-01,74.797
2016-09-02,74.5165
2016-09-04,74.517
2016-09-05,74.0875
2016-09-06,74.6015
2016-09-07,74.7345
2016-09-08,75.0325
2016-09-09,75.1395
2016-09-11,74.899
2016-09-12,74.9735
2016-09-13,75.3315
2016-09-14,75.147
2016-09-15,75.174
2016-09-16,74.839
2016-09-18,74.846
2016-09-19,74.8465
2016-09-20,74.715
2016-09-21,74.6795
2016-09-22,74.6795
2016-09-23,74.885
2016-09-25,74.885
2016-09-26,74.966
2016-09-27,74.4955
2016-09-28,74.4165
2016-09-29,74.9835
2016-09-30,74.8155
2016-10-02,74.331
2016-10-03,74.6045
2016-10-04,74.6355
2016-10-05,74.5975
2016-10-06,74.3705
2016-10-07,74.6005
2016-10-09,74.3261
2016-10-10,74.059
2016-10-11,73.8785
2016-10-12,73.5505
2016-10-13,73.8515
2016-10-14,73.1955
2016-10-16,73.4619
2016-10-17,73.4645
2016-10-18,73.2755
2016-10-19,73.137
2016-10-20,73.045
2016-10-21,72.8415
2016-10-23,72.8253
2016-10-24,72.737
2016-10-25,72.7385
2016-10-26,72.9405
2016-10-27,72.88
2016-10-28,73.369
2016-10-30,72.8878
2016-10-31,73.2275
2016-11-01,73.735
2016-11-02,74.0885
2016-11-03,74.0385
2016-11-04,74.4165
2016-11-06,74.0964
2016-11-07,73.69
2016-11-08,73.0425
2016-11-09,72.5645
2016-11-10,72.8365
2016-11-11,73.3485
2016-11-13,73.349
2016-11-14,72.781
2016-11-15,72.676
2016-11-16,72.6975
2016-11-17,72.282
2016-11-18,72.2
2016-11-20,72.4256
2016-11-21,72.5225
2016-11-22,72.6835
2016-11-23,72.6015
2016-11-24,72.57
2016-11-25,72.5405
2016-11-27,72.595
2016-11-28,72.794
2016-11-29,73.0685
2016-11-30,72.6315
2016-12-01,72.7525
2016-12-02,72.6055
2016-12-04,72.561
2016-12-05,73.222
2016-12-06,72.6055
2016-12-07,72.5155
2016-12-08,71.703
2016-12-09,71.262
2016-12-11,71.262
2016-12-12,71.709
2016-12-13,71.637
2016-12-14,71.0955
2016-12-15,70.666
2016-12-16,70.9155
2016-12-19,70.574
2016-12-20,70.5515
2016-12-21,70.7165
2016-12-22,70.8055
2016-12-23,70.9335
2016-12-26,70.85
2016-12-27,71.084
2016-12-28,71.0505
2016-12-29,71.2745
2016-12-30,71.461
2017-01-02,71.2765
2017-01-03,71.0315
2017-01-04,71.205
2017-01-05,71.8545
2017-01-06,71.7455
2017-01-09,72.0095
2017-01-10,72.1195
2017-01-11,72.291
2017-01-12,72.3145
2017-01-13,72.571
2017-01-16,72.209
2017-01-17,72.7035
2017-01-18,72.5215
2017-01-19,72.622
2017-01-20,72.861
2017-01-23,73.256
2017-01-24,73.1185
2017-01-25,73.073
2017-01-26,72.832
2017-01-27,72.8655
2017-01-30,72.5395
2017-01-31,72.9025
2017-02-01,72.599
2017-02-02,72.308
2017-02-03,72.451
2017-02-06,72.2345
2017-02-07,71.95
2017-02-08,71.7365
2017-02-09,71.145
2017-02-10,71.139
2017-02-13,70.98
2017-02-14,70.695
2017-02-15,70.8945
2017-02-16,71.598
2017-02-17,71.1985
2017-02-20,71.0095
2017-02-21,70.582
2017-02-22,70.6725
2017-02-23,70.5715
2017-02-24,70.3975
2017-02-27,70.615
2017-02-28,70.575
2017-03-01,70.5255
2017-03-02,70.1675
2017-03-03,70.9405
2017-03-06,70.552
2017-03-07,70.3995
2017-03-08,70.377
2017-03-09,70.5385
2017-03-10,71.0275
2017-03-13,70.5045
2017-03-14,69.7475
2017-03-15,70.4505
2017-03-16,70.3935
2017-03-17,70.307
2017-03-20,70.174
2017-03-21,70.644
2017-03-22,70.6715
2017-03-23,70.58
2017-03-24,70.6525
2017-03-27,70.614
2017-03-28,70.3335
2017-03-29,69.851
2017-03-30,69.238
2017-03-31,69.0955
2017-04-03,69.3295
2017-04-04,69.4635
2017-04-05,69.1795
2017-04-06,68.7695
2017-04-07,68.062
2017-04-10,68.459
2017-04-11,68.4445
2017-04-12,68.9985
2017-04-13,68.402
2017-04-14,68.423
2017-04-17,68.629
2017-04-18,69.328
2017-04-19,69.2625
2017-04-20,69.2565
2017-04-21,69.3565
2017-04-24,70.0845
2017-04-25,70.287
2017-04-26,69.924
2017-04-27,69.7125
2017-04-28,70.0565
2017-05-01,70.0315
2017-05-02,70.1325
2017-05-03,69.847
2017-05-04,70.537
2017-05-05,70.7305
2017-05-08,70.307
2017-05-09,70.333
2017-05-10,70.2235
2017-05-11,69.9535
2017-05-12,70.224
2017-05-15,70.3115
2017-05-16,70.978
2017-05-17,71.5595
2017-05-18,72.036
2017-05-19,72.358
2017-05-22,72.493
2017-05-23,72.5755
2017-05-24,72.6655
2017-05-25,72.3665
2017-05-26,72.1415
2017-05-29,72.0525
2017-05-30,72.3005
2017-05-31,72.532
2017-06-01,72.3
2017-06-02,72.673
2017-06-05,72.4225
2017-06-06,72.661
2017-06-07,72.5345
2017-06-08,72.05
2017-06-09,71.9255
2017-06-12,72.2365
2017-06-13,72.134
2017-06-14,72.0585
2017-06-15,71.9575
2017-06-16,72.185
2017-06-19,71.9055
2017-06-20,71.862
2017-06-21,72.0675
2017-06-22,72.051
2017-06-23,72.207
2017-06-26,72.048
2017-06-27,73.1085
2017-06-28,73.4165
2017-06-29,73.974
2017-06-30,73.835
2017-07-03,73.693
2017-07-04,73.5075
2017-07-05,73.561
2017-07-06,73.9355
2017-07-07,73.679
2017-07-10,73.4985
2017-07-11,74.043
2017-07-12,73.5785
2017-07-13,73.4745
2017-07-14,73.8875
2017-07-17,73.8585
2017-07-18,74.314
2017-07-19,74.01
2017-07-20,74.8715
2017-07-21,75.0925
2017-07-24,74.9685
2017-07-25,74.989
2017-07-26,75.514
2017-07-27,74.8755
2017-07-28,75.348
2017-07-31,76.0255
2017-08-01,75.642
2017-08-02,75.4455
2017-08-03,75.6175
2017-08-04,74.958
2017-08-07,75.3025
2017-08-08,74.8575
2017-08-09,75.093
2017-08-10,75.4525
2017-08-11,75.817
2017-08-14,75.498
2017-08-15,75.245
2017-08-16,75.509
2017-08-17,75.233
2017-08-18,75.3885
2017-08-21,75.746
2017-08-22,75.362
2017-08-23,75.621
2017-08-24,75.5665
2017-08-25,76.3195
2017-08-28,76.552
2017-08-29,76.642
2017-08-30,76.0455
2017-08-31,76.1465
2017-09-01,75.9275
2017-09-04,76.182
2017-09-05,76.3745
2017-09-06,76.3405
2017-09-07,76.965
2017-09-08,76.765
2017-09-11,76.4215
2017-09-12,76.6225
2017-09-13,76.0855
2017-09-14,76.4275
2017-09-15,76.5665
2017-09-18,76.6945
2017-09-19,77.1215
2017-09-20,76.4635
2017-09-21,77.396
2017-09-22,77.417
2017-09-25,77.163
2017-09-26,77.197
2017-09-27,77.1825
2017-09-28,77.163
2017-09-29,77.157
2017-10-02,76.628
2017-10-03,76.906
2017-10-04,76.4785
2017-10-05,76.2915
2017-10-06,76.7405
2017-10-09,76.73
2017-10-10,77.0375
2017-10-11,77.273
2017-10-12,76.969
2017-10-13,76.4945
2017-10-16,76.3235
2017-10-17,76.514
2017-10-18,76.684
2017-10-19,77.032
2017-10-20,76.653
2017-10-23,76.395
2017-10-24,76.5525
2017-10-25,76.696
2017-10-26,75.542
2017-10-27,75.5115
2017-10-30,75.5685
2017-10-31,75.4075
2017-11-01,75.018
2017-11-02,75.2815
2017-11-03,74.9475
2017-11-06,75.0295
2017-11-07,75.3815
2017-11-08,75.278
2017-11-09,75.641
2017-11-10,76.044
2017-11-13,76.3455
2017-11-14,77.171
2017-11-15,76.9635
2017-11-16,76.8525
2017-11-17,76.685
2017-11-20,76.3785
2017-11-21,76.156
2017-11-22,76.701
2017-11-23,76.5255
2017-11-24,77.1665
2017-11-27,76.715
2017-11-28,76.2715
2017-11-29,76.2505
2017-11-30,76.769
2017-12-01,76.721
2017-12-04,76.3935
2017-12-05,76.112
2017-12-06,76.1195
2017-12-07,76.0185
2017-12-08,75.8575
2017-12-11,75.7395
2017-12-12,75.6305
2017-12-13,76.2335
2017-12-14,75.7795
2017-12-15,75.3195
2017-12-18,75.649
2017-12-19,75.847
2017-12-20,76.114
2017-12-21,76.014
2017-12-22,75.9185
2017-12-25,75.9855
2017-12-26,75.954
2017-12-27,76.226
2017-12-28,76.531
2017-12-29,76.595
2018-01-01,76.4795
2018-01-02,76.5265
2018-01-03,76.3015
2018-01-04,76.511
2018-01-05,76.198
2018-01-08,75.9605
2018-01-09,76.003
2018-01-10,76.0185
2018-01-11,76.6315
2018-01-12,77.5215
2018-01-15,77.8885
2018-01-16,78.492
2018-01-17,77.8505
2018-01-18,78.167
2018-01-19,78.01
2018-01-22,78.342
2018-01-23,78.418
2018-01-24,78.989
2018-01-25,78.7365
2018-01-26,78.985
2018-01-29,78.753
2018-01-30,78.988
2018-01-31,78.9355
2018-02-01,80.039
2018-02-02,79.916
2018-02-05,79.3255
2018-02-06,79.4975
2018-02-07,78.8395
2018-02-08,78.748
2018-02-09,78.763
2018-02-12,79.013
2018-02-13,79.38
2018-02-14,79.8045
2018-02-15,79.913
2018-02-16,79.665
2018-02-19,79.7185
2018-02-20,80.0245
2018-02-21,79.6065
2018-02-22,80.1175
2018-02-23,79.5515
2018-02-26,79.78
2018-02-27,79.4165
2018-02-28,79.517
2018-03-01,80.0205
2018-03-02,80.3345
2018-03-05,80.215
2018-03-06,80.508
2018-03-07,80.5225
2018-03-08,80.157
2018-03-09,80.1495
2018-03-12,80.159
2018-03-13,80.3555
2018-03-14,80.1875
2018-03-15,79.967
2018-03-16,79.8695
2018-03-19,80.4485
2018-03-20,79.83
2018-03-21,80.419
2018-03-22,80.092
2018-03-23,80.2825
2018-03-26,80.6585
2018-03-27,80.551
2018-03-28,80.199
2018-03-29,80.098
2018-03-30,80.238
2018-04-02,80.123
2018-04-03,79.7585
2018-04-04,79.8625
2018-04-05,79.4255
2018-04-06,79.7535
2018-04-09,80.0275
2018-04-10,80.2525
2018-04-11,80.707
2018-04-12,80.483
2018-04-13,80.466
2018-04-16,81.0485
2018-04-17,81.2495
2018-04-18,81.3185
2018-04-19,81.3235
2018-04-20,81.3585
2018-04-23,81.2265
2018-04-24,81.2395
2018-04-25,81.3815
2018-04-26,80.8545
2018-04-27,80.8105
2018-04-30,80.274
2018-05-01,80.1165
2018-05-02,79.7015
2018-05-03,79.927
2018-05-04,79.9165
2018-05-07,80.048
2018-05-08,79.646
2018-05-09,79.813
2018-05-10,80.1225
2018-05-11,80.4545
2018-05-14,80.5785
2018-05-15,80.5895
2018-05-16,80.0255
2018-05-17,79.922
2018-05-18,80.075
2018-05-21,80.318
2018-05-22,80.1205
2018-05-23,79.9655
2018-05-24,80.091
2018-05-25,78.919
2018-05-28,78.342
2018-05-29,78.287
2018-05-30,78.655
2018-05-31,78.839
2018-06-01,78.1195
2018-06-04,78.462
2018-06-05,78.6275
2018-06-06,78.694
2018-06-07,79.549
2018-06-08,79.4695
2018-06-11,79.5065
2018-06-12,79.2555
2018-06-13,79.7605
2018-06-14,78.3105
2018-06-15,79.0105
2018-06-18,79.0825
2018-06-19,79.1715
2018-06-20,78.759
2018-06-21,78.8365
2018-06-22,79.116
2018-06-25,79.7215
2018-06-26,79.634
2018-06-27,79.303
2018-06-28,79.641
2018-06-29,79.9955
2018-07-02,79.987
2018-07-03,79.9085
2018-07-04,80.0685
2018-07-05,80.5275
2018-07-06,80.8255
2018-07-09,80.6825
2018-07-10,80.7455
2018-07-11,80.2355
2018-07-12,79.98
2018-07-13,80.046
2018-07-16,80.272
2018-07-17,79.7965
2018-07-18,79.8655
2018-07-19,80.36
2018-07-20,80.5635
2018-07-23,80.4935
2018-07-24,80.572
2018-07-25,80.61
2018-07-26,79.9375
2018-07-27,79.9765
2018-07-30,80.309
2018-07-31,80.04
2018-08-01,79.696
2018-08-02,79.4955
2018-08-03,79.2895
2018-08-06,79.523
2018-08-07,79.604
2018-08-08,79.7215
2018-08-09,79.2595
2018-08-10,78.6105
2018-08-13,79.886
2018-08-14,79.3625
2018-08-15,79.3245
2018-08-16,79.7415
2018-08-17,80.1735
2018-08-20,80.164
2018-08-21,80.835
2018-08-22,81.0285
2018-08-23,80.8975
2018-08-24,81.3195
2018-08-27,81.939
2018-08-28,81.982
2018-08-29,82.582
2018-08-30,82.563
2018-08-31,82.387
2018-09-03,82.78
2018-09-04,82.91
2018-09-05,83.451
2018-09-06,83.62
2018-09-07,82.939
2018-09-10,84.0045
2018-09-11,84.313
2018-09-12,83.893
2018-09-13,84.212
2018-09-14,83.6
2018-09-17,84.752
2018-09-18,84.838
2018-09-19,84.466
2018-09-20,84.8085
2018-09-21,84.882
2018-09-24,85.3725
2018-09-25,85.565
2018-09-26,85.225
2018-09-27,84.4825
2018-09-28,84.177
2018-10-01,84.4325
2018-10-02,84.2135
2018-10-03,84.1855
2018-10-04,84.781
2018-10-05,85.0125
2018-10-08,85.1155
2018-10-09,85.4205
2018-10-10,85.536
2018-10-11,85.854
2018-10-12,85.115
2018-10-15,85.4185
2018-10-16,85.032
2018-10-17,84.6475
2018-10-18,84.214
2018-10-19,84.4875
2018-10-22,84.3365
2018-10-23,84.3765
2018-10-24,83.4235
2018-10-25,83.3025
2018-10-26,83.7885
2018-10-29,83.4745
2018-10-30,83.586
2018-10-31,83.6595
2018-11-01,83.8045
2018-11-02,82.4875
2018-11-05,83.362
2018-11-06,83.3655
2018-11-07,82.781
2018-11-08,82.249
2018-11-09,82.163
2018-11-12,81.734
2018-11-13,81.9895
2018-11-14,81.7825
2018-11-15,81.465
2018-11-16,82.201
2018-11-19,82.015
2018-11-20,81.2235
2018-11-21,81.181
2018-11-22,80.643
2018-11-23,80.1335
2018-11-26,80.2245
2018-11-27,79.9055
2018-11-28,80.293
2018-11-29,79.5005
2018-11-30,78.823
2018-12-03,79.9775
2018-12-04,80.02
2018-12-05,80.047
2018-12-06,80.595
2018-12-07,80.6245
2018-12-10,82.3575
2018-12-11,81.811
2018-12-12,81.671
2018-12-13,81.283
2018-12-14,81.338
2018-12-17,81.2595
2018-12-18,80.235
2018-12-19,79.956
2018-12-20,80.0985
2018-12-21,79.767
2018-12-24,79.916
2018-12-25,79.5945
2018-12-26,79.5505
2018-12-27,80.429
2018-12-28,80.024
2018-12-31,79.8
2019-01-01,79.6205
2019-01-02,79.4045
2019-01-03,79.8835
2019-01-04,79.2525
2019-01-07,80.103
2019-01-08,80.2545
2019-01-09,81.4405
2019-01-10,80.983
2019-01-11,80.74
2019-01-14,81.208
2019-01-15,81.1465
2019-01-16,80.914
2019-01-17,80.958
2019-01-18,80.916
2019-01-21,80.916
2019-01-22,80.9445
2019-01-23,81.0215
2019-01-24,80.2725
2019-01-25,80.8755
2019-01-28,81.2115
2019-01-29,81.613
2019-01-30,81.767
2019-01-31,81.2275
2019-02-01,81.8355
2019-02-04,82.0325
2019-02-05,81.648
2019-02-06,81.295
2019-02-07,80.9005
2019-02-08,80.645
2019-02-11,80.2175
2019-02-12,79.8845
2019-02-13,79.8125
2019-02-14,80.221
2019-02-15,80.5605
2019-02-18,80.7415
2019-02-19,80.8615
2019-02-20,80.5045
2019-02-21,80.6725
2019-02-22,80.5785
2019-02-25,80.461
2019-02-26,80.951
2019-02-27,80.951
2019-02-28,80.5525
2019-03-01,80.773
2019-03-04,80.408
2019-03-05,79.71
2019-03-06,79.2395
2019-03-07,78.488
2019-03-08,78.696
2019-03-11,78.578
2019-03-12,78.5925
2019-03-13,78.752
2019-03-14,78.4105
2019-03-15,78.112
2019-03-18,77.797
2019-03-19,78.342
2019-03-20,78.5135
2019-03-21,78.2645
2019-03-22,78.259
2019-03-25,77.935
2019-03-26,77.731
2019-03-27,77.696
2019-03-28,77.697
2019-03-29,77.6115
2019-04-01,77.5995
2019-04-02,77.225
2019-04-03,76.9
2019-04-04,77.4025
2019-04-05,77.581
2019-04-08,78.3255
2019-04-09,78.0265
2019-04-10,77.9565
2019-04-11,77.6645
2019-04-12,78.202
2019-04-15,78.4825
2019-04-16,78.437
2019-04-17,78.4335
2019-04-18,77.9375
2019-04-19,78.072
2019-04-22,78.4785
2019-04-23,78.3415
2019-04-24,78.0335
2019-04-25,78.113
2019-04-26,77.876
2019-04-29,78.0975
2019-04-30,78.109
2019-05-01,77.8625
2019-05-02,77.59
2019-05-03,77.4005
2019-05-06,77.699
2019-05-07,77.9395
2019-05-08,78.027
2019-05-09,78.7365
2019-05-10,78.662
2019-05-13,79.2075
2019-05-14,78.8595
2019-05-15,78.693
2019-05-16,78.363
2019-05-17,78.429
2019-05-20,77.757
2019-05-21,77.727
2019-05-22,77.6775
2019-05-23,77.889
2019-05-24,77.7365
2019-05-27,77.834
2019-05-28,77.688
2019-05-29,77.7445
2019-05-30,77.719
2019-05-31,77.8145
2019-06-03,77.755
2019-06-04,77.9665
2019-06-05,77.857
2019-06-06,77.9905
2019-06-07,78.6
2019-06-10,78.6755
2019-06-11,78.624
2019-06-12,78.321
2019-06-13,78.4095
2019-06-14,78.276
2019-06-17,78.358
2019-06-18,77.9145
2019-06-19,78.189
2019-06-20,78.509
2019-06-21,79.1385
2019-06-24,78.964
2019-06-25,78.8045
2019-06-26,78.728
2019-06-27,78.5495
2019-06-28,78.396
2019-07-01,77.74
2019-07-02,77.742
2019-07-03,77.5925
2019-07-04,77.333
2019-07-05,76.835
2019-07-08,76.8905
2019-07-09,76.8475
2019-07-10,76.9785
2019-07-11,76.989
2019-07-12,77.274
2019-07-15,77.1675
2019-07-16,76.9635
2019-07-17,77.2725
2019-07-18,77.6475
2019-07-19,77.275
2019-07-22,77.271
2019-07-23,76.9925
2019-07-24,76.844
2019-07-25,76.9605
2019-07-26,76.643
2019-07-29,76.624
2019-07-30,76.815
2019-07-31,76.286
2019-08-01,76.506
2019-08-02,77.43
2019-08-05,79.3375
2019-08-06,79.5645
2019-08-07,79.675
2019-08-08,78.7295
2019-08-09,79.4355
2019-08-12,79.9295
2019-08-13,79.778
2019-08-14,79.3935
2019-08-15,79.7555
2019-08-16,78.911
2019-08-19,79.1535
2019-08-20,79.423
2019-08-21,79.191
2019-08-22,79.695
2019-08-23,79.6975
2019-08-26,79.962
2019-08-27,79.345
2019-08-28,79.5685
2019-08-29,79.2675
2019-08-30,78.534
2019-09-02,78.936
2019-09-03,79.1995
2019-09-04,79.4465
2019-09-05,79.373
2019-09-06,79.017
2019-09-09,79.3
2019-09-10,79.375
2019-09-11,78.8065
2019-09-12,78.5105
2019-09-13,78.616
2019-09-16,78.7525
2019-09-17,79.1575
2019-09-18,78.473
2019-09-19,78.805
2019-09-20,78.3105
2019-09-23,77.8295
2019-09-24,78.21
2019-09-25,77.682
2019-09-26,77.507
2019-09-27,77.1295
2019-09-30,77.003
2019-10-01,77.7375
2019-10-02,77.973
2019-10-03,77.8915
2019-10-04,77.7515
2019-10-07,77.8675
2019-10-08,78.0285
2019-10-09,78.026
2019-10-10,78.1635
2019-10-11,78.3215
2019-10-12,78.31847381591797
2019-10-13,78.48368072509766
2019-10-14,78.48050689697266
2019-10-15,78.65332794189453
2019-10-16,78.6500015258789
2019-10-17,78.83084869384766
2019-10-18,78.82736206054688
2019-10-19,79.01668548583984
2019-10-20,79.01303100585938
2019-10-21,79.21131134033203
2019-10-22,79.20748138427734
2019-10-23,79.41522216796875
2019-10-24,79.41120910644531
2019-10-25,79.62895202636719
2019-10-26,79.62474822998047
2019-10-27,79.85308837890625
2019-10-28,79.84867858886719
2019-10-29,80.08824157714844
2019-10-30,80.08361053466797
2019-10-31,80.3350601196289
2019-11-01,80.3302001953125
2019-11-02,80.59426879882812
2019-11-03,80.58916473388672
2019-11-04,80.86662292480469
2019-11-05,80.86125946044922
2019-11-06,81.15293884277344
2019-11-07,81.14730072021484
2019-11-08,81.4541015625
2019-11-09,81.44817352294922
2019-11-10,81.75730895996094
